"hispanic","Gender","LifeSat1","LifeSat2","LifeSat3","LifeSat4","LifeSatA","PYDI1Ab","PYDI2Ab","PYDI3Ab","PYDI4Ab","PYDI5Ab","PYDI6Ab","PYDI7Ab"
0,2,1,1,1,4,64,0,0,0,0,0,0,0
0,1,4,3,6,4,56,0,1,1,1,1,0,1
0,1,1,1,1,1,95,1,1,1,1,1,1,1
1,2,1,5,1,1,96,0,1,0,1,1,1,0
0,1,1,5,5,5,92,1,1,1,1,1,1,1
0,1,1,1,4,4,83,1,1,1,1,1,1,1
1,1,1,4,4,1,95,1,1,1,1,1,1,1
1,2,1,4,1,1,80,0,1,1,1,1,1,1
1,1,4,4,4,4,86,1,1,1,1,1,1,1
0,4,1,2,3,3,41,1,1,0,0,1,0,1
1,1,1,3,4,4,64,1,1,1,1,1,1,1
0,4,1,1,1,1,1,0,0,0,1,0,0,0
0,2,1,4,4,4,87,1,1,1,1,1,1,1
1,2,4,2,3,2,36,0,1,1,1,1,0,1
1,1,3,2,2,3,15,0,0,0,0,0,1,0
0,1,1,1,1,1,0,0,1,0,0,0,0,0
0,2,4,4,3,4,73,0,0,1,1,1,1,0
1,2,4,5,4,4,66,1,0,0,1,1,1,1
0,1,2,1,2,3,47,0,1,0,0,0,1,0
0,2,2,2,5,4,69,0,1,0,1,1,1,1
1,1,3,2,4,3,70,0,0,0,0,0,0,1
0,2,2,1,2,1,26,0,1,1,0,1,0,1
0,2,4,3,3,3,32,0,1,0,1,1,1,1
0,1,2,2,2,2,55,0,1,0,0,1,1,1
0,1,2,2,2,2,23,0,0,0,1,1,1,1
1,2,3,1,3,1,25,1,0,0,1,0,0,0
1,1,3,4,3,2,1,0,1,1,0,1,1,1
1,1,4,3,4,4,70,1,1,1,1,1,1,1
0,2,5,1,1,2,61,0,0,1,1,0,1,1
0,2,4,1,4,3,55,0,1,1,0,0,0,0
0,1,6,4,4,4,92,1,1,1,1,1,1,1
0,1,2,1,1,1,12,0,0,0,1,0,0,0
0,2,4,1,4,1,30,0,0,0,0,0,1,0
1,1,3,3,3,2,59,0,1,1,0,0,1,1
0,2,4,4,4,2,35,0,1,1,0,0,1,1
0,1,5,5,5,4,55,0,0,1,0,0,1,1
0,2,1,6,5,1,44,0,0,0,1,1,0,1
0,2,3,2,2,2,35,0,1,1,0,0,1,1
0,2,1,1,1,1,2,0,0,1,0,0,0,0
0,1,1,1,1,1,90,1,1,1,1,1,1,1
0,1,4,2,4,3,35,0,1,1,1,0,1,1
0,1,5,1,6,1,68,1,1,0,0,1,1,1
0,1,6,5,5,4,65,0,1,1,1,1,1,1
0,2,4,4,4,4,78,0,1,0,1,0,1,0
0,2,3,3,2,2,20,0,1,1,1,1,1,1
0,1,3,2,4,2,15,1,1,1,1,1,1,1
0,1,3,1,2,2,53,0,1,0,1,0,1,0
1,2,4,3,3,3,40,0,0,1,1,1,1,1
1,1,4,1,2,2,57,0,0,1,0,0,0,1
1,2,3,2,2,3,13,0,1,1,1,1,1,1
0,1,4,1,4,3,20,1,1,0,1,1,1,0
1,1,4,2,1,2,40,1,1,0,1,0,1,1
1,2,2,1,1,1,45,1,1,0,0,1,1,1
0,1,6,6,6,6,10,1,1,1,1,1,1,1
0,1,4,4,4,6,72,0,1,1,1,0,0,0
0,1,5,1,4,2,35,1,1,1,1,1,1,1
0,1,4,2,4,4,65,0,0,1,1,0,1,0
0,2,3,2,3,3,14,0,0,0,0,0,0,0
0,1,5,4,4,4,75,0,1,1,1,0,1,1
0,1,4,2,3,3,35,0,1,0,1,1,1,1
1,5,2,2,1,2,63,1,1,1,1,1,1,1
0,2,3,3,3,3,0,0,0,0,0,0,0,0
0,2,4,1,3,5,29,0,1,0,1,1,1,0
0,1,5,1,2,2,77,1,1,1,1,1,1,1
1,1,4,3,3,4,70,0,0,1,0,0,1,1
1,1,4,3,4,4,73,1,1,1,0,0,1,1
0,2,4,4,2,4,71,0,1,1,1,1,1,1
1,2,4,2,2,3,75,0,1,0,1,0,1,1
0,2,2,5,4,4,45,0,0,0,1,0,1,1
0,1,4,4,3,4,75,1,1,1,1,1,1,1
0,1,3,3,2,3,50,1,1,0,1,1,1,1
1,2,4,3,4,3,88,0,0,1,1,1,1,1
0,5,5,2,5,5,80,0,1,0,1,0,1,0
0,1,2,1,3,1,25,0,1,1,0,0,1,1
0,1,6,5,4,2,90,0,1,0,1,0,0,0
0,1,4,2,3,2,54,1,1,0,1,0,1,0
0,2,4,4,5,4,73,0,1,1,0,0,0,0
0,2,4,1,4,2,55,0,1,1,1,0,1,1
0,1,2,2,3,3,75,0,1,1,1,1,0,0
0,1,4,3,4,3,69,0,1,0,1,1,1,1
1,1,2,3,3,3,62,0,1,1,1,0,1,0
0,1,6,6,2,3,48,1,1,1,1,1,1,0
0,2,5,5,5,3,40,0,1,1,1,0,1,1
1,1,4,3,3,2,68,1,1,1,1,1,1,1
1,1,4,3,4,3,7,1,1,1,1,1,1,1
0,1,4,2,2,4,41,1,1,1,1,1,1,1
0,1,3,2,2,2,30,0,1,1,0,0,1,1
0,2,5,4,4,4,80,0,0,0,1,0,0,0
0,1,2,2,2,2,37,1,1,1,1,1,1,1
0,1,4,4,2,4,80,0,0,1,1,1,1,1
0,2,3,3,3,3,45,0,1,1,1,1,1,1
0,2,5,4,4,4,50,0,0,1,1,1,0,1
0,2,3,1,2,1,25,0,1,0,1,0,1,1
1,1,5,3,4,4,89,0,1,1,1,1,1,0
0,2,5,2,4,2,45,0,1,0,1,0,0,1
0,4,4,4,4,4,50,0,1,0,0,1,1,1
1,2,5,4,2,2,42,0,1,0,1,0,1,0
0,1,3,3,2,3,60,0,1,1,1,1,1,1
0,2,5,2,4,4,65,0,1,0,0,0,0,0
0,1,3,2,3,3,30,0,1,1,1,0,1,1
0,2,2,1,2,1,37,1,1,1,1,1,0,1
0,1,5,4,3,4,61,0,0,0,0,1,1,1
1,1,4,1,1,3,40,1,0,1,1,1,1,1
0,1,5,1,2,4,80,1,1,1,1,0,0,0
1,2,3,1,1,1,48,0,1,0,1,0,0,0
0,2,5,1,4,4,42,0,1,0,1,0,1,0
1,1,4,3,3,4,50,0,1,1,1,1,1,1
1,1,4,3,4,4,38,0,1,1,1,1,1,1
0,1,2,2,3,3,47,1,1,1,1,1,1,1
0,2,3,2,4,2,30,0,1,1,0,0,1,1
1,2,5,4,5,5,81,0,1,1,1,1,1,1
0,1,3,1,4,6,48,1,0,1,0,1,1,1
1,2,3,1,2,1,17,0,1,1,1,1,1,1
1,1,6,3,3,5,80,1,1,1,1,1,1,1
0,1,4,3,3,3,65,0,1,0,1,1,0,1
0,1,4,2,5,2,50,1,1,0,1,1,1,1
0,1,5,4,3,5,85,0,1,1,0,1,1,1
0,2,2,3,2,1,20,0,1,1,0,0,1,0
0,1,4,1,4,4,69,0,1,1,0,0,1,1
0,1,6,3,3,3,40,0,1,1,0,0,1,1
1,2,4,2,3,3,66,0,1,0,1,1,1,1
0,1,4,2,3,3,73,0,0,1,0,1,1,1
1,2,5,1,3,4,71,0,1,1,1,0,0,1
0,1,5,3,4,2,30,0,1,1,1,1,1,1
1,2,1,1,1,1,40,0,1,1,1,1,1,1
1,2,5,4,4,4,70,0,0,1,0,1,1,1
0,1,5,3,5,4,79,0,1,1,1,1,1,1
1,2,4,4,4,3,65,1,1,1,1,1,1,1
0,2,3,3,4,4,59,1,1,1,1,1,1,1
1,2,4,2,1,4,60,1,1,0,1,1,1,1
0,2,2,1,3,1,27,0,1,0,1,0,1,1
1,2,2,1,4,4,33,1,1,1,1,1,1,1
1,1,5,5,4,5,48,1,1,1,0,1,1,0
0,1,3,4,4,3,59,1,1,1,1,0,1,1
0,1,4,3,4,3,58,1,0,1,1,0,0,1
0,1,5,3,5,5,61,0,1,0,1,1,1,1
1,1,4,2,3,3,40,0,1,0,1,0,1,1
0,2,4,4,3,3,80,1,1,1,1,1,1,1
0,1,4,2,3,3,65,0,1,0,1,1,1,1
0,1,5,4,4,4,75,0,1,0,1,1,1,1
0,1,4,3,4,4,68,0,1,1,1,0,0,0
0,2,6,4,5,5,65,0,0,1,1,0,1,1
0,1,3,3,2,3,47,1,1,1,1,1,1,1
0,2,3,2,4,3,25,0,1,0,1,0,1,1
0,2,3,1,3,3,35,0,0,0,1,1,1,1
0,1,5,3,4,3,65,1,1,0,1,1,1,1
0,2,3,2,2,2,60,0,1,1,0,0,0,0
1,1,4,4,4,3,30,1,1,1,1,1,1,1
0,1,4,3,4,4,70,1,1,1,1,1,1,1
0,2,6,1,4,4,0,0,0,1,1,1,0,0
0,2,5,2,5,5,70,0,1,0,0,0,1,0
0,1,5,4,5,5,67,0,1,1,1,0,0,0
0,2,4,4,4,4,51,1,1,1,1,0,1,1
0,1,3,2,3,3,60,1,1,1,1,1,1,1
0,1,4,4,4,4,85,0,0,1,0,0,0,1
0,2,4,2,4,3,66,1,1,0,1,1,1,0
0,1,5,4,3,4,70,1,1,1,1,1,1,1
1,1,4,4,4,5,89,1,1,1,1,1,1,1
0,1,4,3,3,3,51,1,1,1,1,1,1,1
0,2,3,3,3,3,37,0,1,1,1,1,1,1
0,1,6,4,6,5,70,0,0,0,1,1,1,1
0,1,4,3,3,3,50,0,1,0,1,1,1,1
0,1,4,3,4,4,70,0,1,1,0,1,1,1
1,1,4,4,4,3,51,0,1,1,1,0,1,0
0,1,5,2,5,4,73,0,0,1,1,0,1,0
0,2,4,2,3,3,70,1,1,1,1,1,0,1
1,2,4,2,4,4,70,1,1,1,1,1,1,1
0,1,3,3,4,3,43,0,1,1,0,0,1,1
0,2,6,4,5,5,69,0,1,0,1,1,1,1
1,1,2,2,1,2,16,1,1,0,1,1,1,1
0,1,5,2,5,4,65,1,1,1,0,0,1,1
0,1,4,4,4,4,60,1,1,1,1,1,1,1
0,2,4,1,4,4,84,0,1,1,1,0,0,0
1,2,3,3,2,2,36,1,1,0,1,1,1,1
0,1,4,5,4,3,34,0,1,0,1,0,1,1
0,2,4,2,3,4,66,0,1,1,1,0,1,1
0,1,5,1,4,2,28,0,1,1,1,0,1,0
0,1,5,4,4,4,75,1,1,1,1,1,1,1
0,1,4,3,4,3,65,0,1,1,1,0,1,1
0,2,6,4,5,5,82,1,1,0,1,1,1,0
0,1,4,4,4,4,66,0,1,1,1,1,1,1
0,1,4,4,4,4,65,1,1,1,1,1,1,1
0,2,4,3,3,2,45,1,1,1,1,1,1,1
0,1,4,4,4,4,74,1,1,1,1,1,1,1
0,1,5,3,5,4,66,0,0,0,1,1,1,1
0,1,4,3,4,4,76,0,1,1,1,1,1,1
0,2,4,4,5,5,66,0,1,0,0,1,1,0
1,1,4,4,4,5,83,0,1,0,1,1,1,1
0,1,4,4,4,4,62,0,0,0,0,0,0,1
0,2,5,4,5,5,60,1,1,1,0,0,0,1
0,1,2,1,2,6,18,0,0,1,1,1,1,1
0,2,4,2,4,4,63,0,1,1,1,0,1,0
0,2,4,3,4,4,65,1,1,1,1,1,1,1
0,2,2,1,3,1,40,1,1,1,0,1,1,1
0,1,4,2,4,4,33,1,1,1,1,1,1,1
0,1,5,3,2,3,54,1,1,1,1,1,1,1
0,2,6,3,4,5,90,1,1,1,1,0,1,1
0,2,5,2,4,4,49,0,1,0,1,1,1,1
0,2,5,1,5,3,80,0,1,1,1,0,1,1
1,1,5,4,4,3,62,0,1,1,1,0,1,1
0,2,4,3,4,4,65,1,1,1,1,1,1,1
0,1,4,4,3,4,74,0,1,0,0,0,1,1
0,1,4,1,4,4,75,0,1,1,1,1,1,1
0,1,2,2,2,2,14,0,1,0,0,1,1,1
1,2,4,2,2,3,64,0,0,1,0,0,0,1
1,1,4,1,3,3,70,0,0,0,1,0,1,1
1,2,2,2,2,2,58,0,1,1,1,1,1,1
0,1,4,4,3,4,52,0,1,1,1,0,1,1
0,2,5,4,4,5,93,0,1,1,1,1,1,1
1,2,4,3,4,3,50,1,1,1,1,1,1,1
0,2,5,5,5,5,82,0,1,1,1,0,0,0
0,1,5,4,5,3,65,0,0,1,1,0,1,1
0,2,4,2,2,3,90,0,1,1,1,1,1,1
0,1,4,4,4,4,50,1,1,1,1,1,1,1
0,5,5,4,3,4,69,1,1,1,1,1,1,1
0,1,4,2,2,4,56,0,1,1,0,0,1,0
1,5,4,1,4,1,40,1,1,1,1,1,1,1
0,2,5,3,2,3,60,1,1,1,1,1,1,1
1,1,6,4,5,6,50,0,1,1,1,1,1,1
0,2,5,5,4,5,92,0,1,1,1,0,1,1
0,2,2,3,2,2,50,0,0,0,0,0,0,0
0,1,4,4,4,4,71,1,1,1,1,1,1,1
1,2,4,5,3,4,63,1,0,1,1,1,0,0
1,2,4,4,4,4,35,1,1,1,1,1,1,0
0,1,4,3,3,3,37,0,1,1,1,1,1,1
0,1,4,4,4,4,59,0,1,1,1,1,1,1
1,1,4,3,4,4,60,0,0,1,0,1,1,1
0,1,4,3,3,3,77,0,1,1,0,0,1,1
0,1,3,3,2,3,61,1,1,0,1,1,1,0
1,2,4,2,3,4,63,1,1,1,1,1,1,1
0,2,5,4,5,4,66,1,0,0,1,1,1,1
1,2,4,4,4,4,80,1,1,1,1,1,1,1
0,1,4,4,4,4,71,1,1,1,1,1,1,1
0,2,4,4,4,4,60,1,1,1,1,1,1,1
0,1,4,4,4,4,60,1,1,1,1,1,1,1
0,1,5,4,4,4,84,1,1,1,1,1,1,1
0,1,6,4,5,4,71,1,1,0,1,1,1,1
1,2,4,2,4,2,33,1,1,0,1,1,1,1
0,1,4,2,3,3,62,1,1,0,1,1,1,1
0,1,4,4,4,5,83,0,1,1,1,1,1,1
0,2,4,4,5,5,85,1,1,0,0,1,1,1
0,1,4,4,4,4,70,0,1,0,1,1,1,1
0,1,4,3,2,3,71,1,1,1,1,1,1,1
1,1,4,3,1,2,80,1,1,1,1,1,1,1
0,1,5,2,3,4,76,0,1,1,1,0,1,1
0,1,5,3,4,3,60,0,1,1,0,1,1,1
1,2,4,4,5,5,81,0,1,1,1,1,1,1
0,1,4,4,3,4,71,1,1,1,1,0,1,1
0,1,4,2,5,3,57,1,1,1,1,1,1,1
1,1,4,3,3,4,72,0,1,1,0,1,1,1
1,1,4,3,3,3,49,0,0,0,0,0,1,0
0,1,5,4,4,5,69,1,0,1,1,1,1,1
1,1,4,3,4,4,70,1,1,1,1,1,1,1
0,1,4,3,3,4,67,1,1,1,1,1,1,1
1,2,6,6,6,6,95,1,1,1,1,1,1,1
0,2,4,3,4,4,84,1,1,1,1,1,1,1
0,2,5,4,4,4,87,0,1,0,1,1,1,1
0,1,4,3,3,4,30,0,1,1,1,0,1,1
0,2,3,3,3,3,51,0,1,1,1,1,1,1
0,2,5,3,4,5,80,0,1,1,1,0,1,1
0,2,5,5,5,4,81,0,1,1,1,1,1,1
0,1,4,3,4,4,55,1,1,1,1,1,1,1
0,2,4,3,4,4,70,1,0,1,1,0,0,0
1,2,6,3,4,5,65,1,0,1,1,1,1,1
0,2,6,4,2,3,95,0,1,0,1,1,1,1
0,1,5,5,3,5,59,1,1,1,1,1,0,1
0,1,5,3,3,4,73,1,1,1,0,0,1,1
0,2,5,4,4,4,50,0,1,1,1,1,1,1
1,2,5,4,4,4,76,0,1,1,1,1,1,1
0,1,4,4,4,4,83,1,1,1,1,1,1,1
0,1,3,4,3,3,45,1,1,1,1,1,1,1
0,1,4,3,2,3,68,1,1,1,1,1,1,1
0,2,5,3,5,4,82,1,1,1,1,1,1,1
0,1,4,4,4,4,60,1,1,1,1,1,1,1
1,2,3,1,2,3,49,0,1,1,0,0,1,1
1,1,4,1,2,3,44,0,1,1,0,0,0,1
0,1,4,2,3,3,62,1,1,1,1,1,1,1
1,1,4,1,1,4,14,1,1,1,1,1,1,1
0,2,5,3,3,3,67,0,1,1,1,0,1,1
0,2,6,3,4,4,76,0,0,0,1,0,0,0
1,2,6,4,3,5,74,1,1,1,1,1,1,1
0,1,4,4,5,6,86,1,1,1,1,1,1,1
0,1,3,3,3,3,35,0,1,1,1,0,1,1
0,2,5,4,3,4,69,0,1,1,0,0,1,1
1,2,3,2,4,3,40,1,1,1,1,1,1,1
1,1,5,5,4,5,89,0,1,0,1,1,1,1
0,1,4,4,4,4,81,0,0,1,1,1,1,0
0,1,4,3,3,4,70,1,1,1,1,1,1,1
0,1,3,2,2,4,81,0,1,1,1,1,1,1
1,1,5,3,5,4,80,0,1,1,1,0,1,1
0,2,6,5,5,4,75,0,1,1,1,0,1,1
0,1,5,1,5,4,70,1,1,1,1,0,1,1
1,1,4,3,4,3,80,0,1,1,1,0,1,0
0,1,4,4,4,4,69,1,1,1,1,1,1,1
0,2,5,3,5,4,58,0,1,1,1,0,1,1
0,2,4,1,2,3,35,0,1,1,1,1,1,1
0,1,6,5,4,5,89,1,1,0,1,1,1,1
0,2,5,4,4,4,65,1,0,1,1,1,1,1
0,1,5,6,4,5,70,0,1,0,0,1,1,1
0,1,5,3,4,5,85,0,0,1,1,0,0,0
0,2,5,2,2,4,70,0,1,1,1,1,1,1
0,2,4,2,3,3,50,0,1,1,1,1,1,1
1,2,5,5,5,4,75,0,1,1,1,1,1,1
1,2,5,3,3,3,91,0,1,0,0,1,1,1
0,2,4,2,4,4,50,1,1,1,1,1,1,1
1,2,4,3,4,2,30,0,1,1,0,1,1,1
0,1,5,3,3,4,80,1,1,1,1,0,1,0
0,1,4,4,4,4,80,0,1,1,1,1,1,1
1,1,4,3,3,4,75,1,1,1,1,1,1,1
0,2,3,3,3,4,66,0,1,0,1,1,1,1
0,2,4,4,4,4,80,1,1,1,1,1,1,1
0,1,4,1,4,4,60,0,0,1,1,0,1,0
0,1,3,1,1,2,51,0,1,0,1,1,1,1
0,2,6,4,6,3,62,1,1,1,1,1,1,1
1,1,4,2,4,3,65,0,1,0,1,0,1,1
0,1,4,1,4,4,70,0,1,0,0,0,1,1
1,2,6,4,4,5,83,0,1,0,0,1,1,1
0,1,5,3,4,4,70,0,1,1,1,1,1,1
0,1,9999,5,5,5,72,1,1,1,1,1,1,1
0,2,4,3,4,4,70,0,0,0,1,1,1,1
0,1,4,4,4,4,50,1,0,0,1,1,0,1
1,2,5,3,4,4,85,0,1,1,1,1,1,1
0,2,4,1,3,3,45,0,1,1,0,0,1,1
0,1,6,4,5,4,70,0,1,0,1,1,1,1
0,1,5,5,4,5,90,1,0,1,1,0,1,1
0,1,5,4,5,6,70,0,1,1,1,0,0,0
0,5,4,3,5,4,50,1,1,0,1,0,1,1
0,2,6,5,5,5,90,0,0,1,1,1,1,1
0,1,5,3,5,4,72,0,1,0,1,1,1,1
0,1,5,4,4,4,84,0,1,1,0,1,1,1
0,1,4,3,2,4,71,0,1,1,1,1,1,1
0,1,4,3,3,4,73,1,1,0,1,0,1,1
0,1,5,4,5,5,83,1,0,1,0,0,1,1
0,1,5,3,4,4,77,1,1,1,1,1,1,1
1,1,5,4,4,4,71,0,1,1,1,1,1,1
0,1,4,3,3,4,72,1,1,0,1,1,1,1
0,2,4,3,4,4,65,0,1,0,1,1,1,1
0,1,5,3,5,4,65,0,1,1,1,1,1,1
0,1,5,5,5,4,9999,0,1,0,1,1,1,1
1,2,5,4,5,6,90,0,1,1,1,1,1,1
1,1,5,4,3,5,86,0,1,1,1,1,1,1
0,1,5,5,5,5,92,1,1,1,1,1,1,1
1,1,4,3,4,4,72,1,1,1,1,1,1,1
0,1,3,3,2,2,47,1,1,1,1,1,1,1
0,1,5,3,4,4,60,1,0,0,1,1,1,1
0,3,4,4,4,4,65,0,1,1,1,1,1,1
1,2,4,1,3,4,75,1,1,1,1,1,1,1
0,1,4,5,4,4,84,0,0,1,0,0,1,1
0,1,5,5,3,5,80,0,1,1,0,0,1,1
1,1,3,1,2,3,60,0,1,0,1,1,1,1
0,1,5,4,4,4,75,1,1,0,1,1,1,1
0,1,5,3,4,4,60,0,1,1,1,0,0,0
0,2,4,3,3,3,50,1,1,1,1,1,1,1
0,2,5,3,4,4,64,1,1,1,1,1,1,1
0,2,5,4,4,4,70,0,1,1,1,1,0,0
0,2,4,2,4,4,55,0,1,1,1,1,1,1
0,1,5,4,3,4,51,1,1,1,1,1,1,1
0,2,5,3,4,5,70,1,1,1,1,1,1,1
1,2,5,4,4,5,75,0,1,0,1,1,1,1
1,1,6,4,3,5,90,0,1,1,1,1,1,1
0,2,5,1,6,4,67,1,1,1,1,1,1,1
1,1,4,2,3,4,70,1,1,1,1,1,1,1
0,1,6,3,5,3,68,0,1,1,1,1,1,0
0,1,5,2,4,4,70,1,1,1,1,1,1,1
0,1,4,3,3,4,50,0,1,0,1,1,1,1
0,2,3,3,4,4,70,0,1,1,1,0,1,1
0,2,5,3,4,4,65,0,1,0,1,1,1,1
0,1,5,4,4,5,80,1,1,1,1,1,1,1
0,2,4,3,3,3,40,1,1,1,0,0,1,1
1,1,6,5,6,1,100,1,1,1,1,1,1,1
1,2,4,4,4,3,70,0,1,1,1,1,1,1
0,1,5,3,4,4,75,0,1,0,1,1,1,1
0,2,4,2,4,3,64,0,1,1,1,1,1,1
1,1,4,4,4,4,78,0,1,0,0,0,0,0
1,2,4,3,3,3,46,1,0,1,1,1,1,1
0,1,5,4,4,5,83,1,1,1,1,1,1,1
0,1,4,2,2,3,73,0,1,1,1,1,1,1
0,1,2,3,2,2,20,1,1,1,1,1,1,1
0,1,5,4,5,4,83,0,1,1,1,1,1,1
0,2,6,5,6,6,90,0,0,1,1,0,0,0
1,2,5,4,3,3,41,0,1,1,1,1,1,1
0,1,4,4,4,4,76,0,1,1,1,0,1,1
1,2,3,3,1,4,40,1,1,1,1,1,1,1
0,1,5,2,6,4,69,0,1,1,1,1,1,1
0,1,4,3,3,4,70,0,1,1,1,1,1,1
1,1,4,3,4,4,74,0,1,1,1,1,1,1
1,2,4,4,4,4,77,0,1,1,1,1,1,1
0,2,5,5,5,5,85,1,1,1,1,1,1,1
0,1,5,2,5,4,35,0,1,1,1,0,1,1
0,1,4,4,4,4,85,0,1,1,1,1,1,1
0,1,6,5,6,6,90,0,1,1,1,1,1,1
0,2,5,4,4,2,69,0,1,0,1,0,1,1
0,1,5,3,3,4,79,0,1,1,1,1,1,1
0,2,5,3,4,4,55,1,1,1,1,1,1,1
0,2,5,5,4,1,60,1,1,1,1,1,1,1
0,2,5,5,4,4,74,1,1,1,1,1,0,1
0,2,5,4,4,4,70,1,1,1,1,1,1,1
0,1,5,3,4,5,38,0,1,0,1,1,1,1
0,1,5,3,4,5,60,1,1,0,1,1,1,1
1,2,5,4,5,3,75,1,1,1,1,1,1,1
0,2,6,4,5,4,61,0,1,1,1,0,1,1
0,1,6,4,4,5,75,1,1,0,1,1,1,1
0,1,6,4,6,5,90,0,1,1,1,0,1,1
0,1,6,4,6,4,69,1,1,1,1,1,1,1
0,1,4,2,3,3,38,1,1,1,1,1,1,1
0,1,5,4,4,4,50,1,1,1,1,0,1,0
1,1,5,4,5,5,85,0,1,1,1,1,1,1
0,1,5,4,4,4,71,1,1,1,1,1,1,1
0,1,5,2,2,3,40,1,1,1,1,1,1,1
0,1,5,3,3,5,75,1,1,1,1,1,1,1
0,2,5,4,3,4,71,0,0,0,1,1,1,1
0,2,4,3,4,4,77,0,0,1,1,0,1,1
1,1,4,4,4,4,75,0,1,1,0,1,1,1
0,1,5,5,5,5,77,1,1,1,1,1,1,1
1,1,5,4,3,4,48,1,1,1,1,1,1,1
1,2,4,4,4,4,65,0,1,1,1,1,1,1
0,2,5,4,5,4,70,0,1,1,1,1,1,1
0,2,5,4,5,5,89,0,1,1,1,1,1,1
0,1,4,2,3,2,55,0,1,1,1,1,1,1
0,2,6,6,6,5,88,0,1,1,1,1,1,1
0,1,2,6,6,3,61,1,1,0,1,1,1,1
0,1,5,4,4,4,75,1,1,0,1,1,1,1
0,2,6,6,6,5,86,1,1,0,1,0,0,1
1,2,6,4,4,4,80,0,1,1,1,1,1,1
0,1,3,1,2,2,50,1,1,1,1,1,1,1
0,1,4,2,3,3,70,1,1,1,1,1,1,1
1,2,4,4,4,2,83,1,1,1,1,1,1,1
0,1,5,4,5,4,84,1,1,1,1,1,1,1
0,2,5,3,5,3,50,0,1,1,1,1,1,1
1,1,4,2,3,4,81,0,1,1,0,0,1,1
1,1,5,3,5,4,80,1,1,1,1,1,1,1
0,1,5,2,5,3,75,1,1,0,1,1,1,1
0,1,5,4,2,4,45,1,1,1,0,1,1,1
1,2,5,4,4,4,77,1,1,1,1,1,1,1
0,2,6,5,6,6,85,0,1,0,1,0,1,0
0,2,5,4,5,5,75,1,1,1,1,0,1,0
0,1,5,4,4,4,71,1,1,1,1,1,1,1
1,2,5,3,5,5,84,0,1,0,1,0,0,0
1,1,5,3,3,4,81,0,1,1,1,1,1,1
0,1,4,4,4,4,60,1,1,1,1,1,1,1
0,2,4,5,3,4,53,1,1,1,1,1,1,1
0,1,5,6,5,5,80,0,1,1,1,1,1,1
0,2,4,2,2,5,50,0,1,1,1,1,0,1
0,1,4,4,3,5,77,0,1,1,1,0,1,1
0,2,4,3,4,4,63,0,1,1,1,0,1,0
0,1,5,4,4,4,87,1,1,1,1,1,1,1
0,1,4,3,3,3,40,1,1,1,1,0,1,1
0,1,4,4,4,4,47,1,1,1,1,0,0,1
1,2,5,2,5,6,80,1,1,1,1,1,1,1
0,1,6,1,5,4,76,0,1,1,1,1,1,1
0,1,6,6,6,5,91,1,0,1,1,1,1,1
0,2,5,2,2,1,50,0,1,1,1,1,1,1
0,1,6,4,5,4,60,1,1,1,1,0,1,1
1,1,4,3,4,4,61,1,1,1,1,0,1,1
0,2,6,1,5,2,70,0,1,1,1,0,1,0
0,2,4,4,5,5,87,1,1,1,1,1,1,1
1,1,4,3,3,4,82,0,1,1,1,1,1,1
0,2,6,4,6,4,80,0,0,1,1,1,1,1
0,1,5,3,4,4,55,0,1,1,0,0,1,1
0,2,4,3,4,3,50,1,1,1,1,1,1,1
0,1,5,2,3,4,61,0,0,1,1,1,1,1
0,1,5,4,4,4,77,1,1,0,1,1,1,1
0,2,4,3,4,4,65,0,1,1,1,1,1,1
0,1,6,4,5,5,81,0,0,0,1,0,1,1
0,1,6,5,5,6,87,0,1,0,1,1,1,1
1,1,5,4,5,5,90,0,1,1,1,1,1,1
1,1,6,3,4,3,60,1,0,1,1,1,1,1
1,2,5,4,4,2,70,0,1,1,1,1,1,1
1,1,4,3,3,4,40,1,1,1,1,1,1,1
1,1,5,4,4,5,85,0,1,1,1,1,1,1
0,1,5,4,4,5,80,0,1,1,1,1,1,1
0,1,4,3,3,4,58,1,1,1,1,1,1,1
1,1,1,1,1,1,21,1,1,1,1,1,1,1
1,2,5,4,3,4,85,0,1,1,1,1,1,1
1,1,4,3,4,3,71,1,1,1,1,0,1,1
1,1,5,3,4,4,90,0,1,1,1,1,1,1
0,2,5,5,5,5,86,0,0,0,1,1,1,1
1,1,6,6,5,6,85,1,1,1,1,1,1,1
0,1,4,3,2,3,60,1,1,1,0,1,1,1
0,1,4,3,3,3,68,1,1,1,1,1,1,1
0,1,6,4,4,5,80,0,1,1,1,0,1,1
0,1,5,4,3,5,73,1,1,1,1,0,1,1
1,2,4,4,4,4,71,1,1,1,1,1,1,1
1,1,5,4,4,4,98,0,1,1,1,1,1,1
0,1,4,4,4,4,85,1,1,1,1,1,1,1
0,2,4,4,5,5,71,1,1,1,1,1,1,1
0,1,5,5,4,4,72,1,1,1,1,1,1,1
1,1,4,2,2,3,50,1,1,1,1,1,1,1
1,1,4,3,4,4,65,1,1,1,1,1,1,1
0,1,5,4,4,5,88,1,1,1,1,1,1,1
0,1,4,3,3,3,51,0,1,0,1,1,1,1
0,1,6,6,4,5,75,1,0,1,0,0,1,1
0,1,5,2,6,2,50,0,1,0,1,1,1,1
0,2,5,4,5,6,75,0,1,1,1,1,1,1
0,1,5,4,4,5,64,0,1,1,1,1,1,1
1,1,5,4,4,4,61,0,1,1,1,1,1,1
0,1,5,4,4,4,50,0,1,1,1,1,1,1
0,1,6,4,5,4,75,0,1,0,1,1,1,1
0,1,6,3,1,4,71,1,1,1,1,1,1,1
0,1,5,3,5,4,60,0,1,1,0,0,1,1
0,1,6,5,4,4,65,1,1,1,1,1,1,1
1,2,5,3,2,5,91,1,1,1,1,1,1,1
0,1,5,3,4,4,78,1,1,1,1,1,1,1
0,1,5,5,4,4,75,1,1,1,1,0,1,1
0,1,5,4,5,5,90,0,0,1,1,1,1,1
0,2,4,1,4,4,55,0,1,1,1,1,0,1
0,2,5,3,3,3,65,1,1,1,1,1,1,1
0,1,5,3,4,4,81,0,1,1,1,1,1,1
1,2,5,4,5,5,78,0,1,1,1,1,1,1
0,1,4,2,3,4,50,1,1,1,1,1,1,1
1,2,5,4,4,5,80,1,1,1,1,1,1,1
1,2,4,4,4,4,85,0,1,1,1,0,1,1
0,1,4,3,3,4,75,1,1,1,1,1,1,1
0,2,5,4,5,4,85,0,0,1,1,1,1,1
1,1,4,3,4,3,53,1,1,1,1,1,1,1
0,1,6,3,4,4,70,0,1,1,1,1,1,1
0,2,4,4,4,4,86,1,1,1,1,0,1,0
0,2,5,5,6,5,20,0,1,1,1,1,1,0
0,3,5,4,4,5,65,1,1,1,1,1,1,1
0,2,5,2,5,5,79,1,1,1,1,1,1,1
1,1,5,2,2,5,60,0,0,1,1,1,1,1
0,2,4,4,4,5,53,0,0,0,0,1,1,1
1,1,4,3,4,3,40,1,1,1,1,0,0,0
1,1,5,4,3,4,80,1,1,1,1,0,1,1
1,1,3,4,4,4,50,1,1,1,1,1,1,1
0,1,5,5,5,5,81,1,1,1,1,1,1,1
0,1,6,1,4,3,65,1,1,1,1,1,1,1
0,1,6,4,5,5,92,1,1,1,1,1,1,1
0,1,4,3,2,4,66,0,1,1,1,1,1,1
0,1,3,3,3,3,75,1,1,0,1,1,1,1
0,2,6,4,5,6,90,1,0,1,1,1,1,1
1,2,6,3,6,6,80,0,1,0,1,1,1,1
1,1,5,4,4,4,74,0,1,1,1,0,1,1
1,1,5,6,4,5,100,1,1,0,1,1,1,1
0,1,4,2,2,3,41,1,1,1,1,1,1,1
0,2,5,4,5,4,86,0,1,1,1,1,1,1
0,1,4,3,3,3,80,0,1,1,1,1,1,1
0,2,5,4,5,6,95,0,1,1,1,1,1,1
0,1,4,4,4,3,56,1,1,1,1,1,1,1
1,1,4,3,3,4,70,1,1,1,1,1,1,1
1,2,6,3,5,3,72,1,1,1,1,1,1,1
0,2,4,4,4,4,75,0,0,0,1,1,0,0
0,1,5,4,4,5,73,1,1,1,1,1,1,1
0,1,3,3,2,4,50,0,1,0,1,0,1,1
1,1,4,4,3,5,71,1,1,1,1,1,1,1
0,1,5,4,5,5,75,0,1,1,1,1,1,1
0,2,5,3,4,4,69,0,1,1,0,1,1,1
0,1,4,2,2,4,49,1,1,1,1,1,1,1
0,2,4,1,4,3,35,1,1,1,1,1,1,1
0,1,4,3,4,3,60,0,1,1,1,1,1,1
1,1,4,1,3,4,76,0,1,1,1,1,1,1
0,2,5,4,5,5,75,1,1,1,1,1,1,1
1,1,5,4,4,5,81,1,1,1,1,1,1,1
0,1,4,4,4,5,78,1,1,1,1,1,1,1
1,2,6,4,6,5,85,1,1,1,1,1,1,1
1,1,5,4,3,5,83,0,1,1,1,1,1,1
0,1,5,4,4,4,81,0,0,1,1,1,1,1
0,1,6,4,6,6,86,1,1,0,1,1,1,1
0,1,5,5,4,5,83,0,1,0,1,1,1,1
0,2,5,3,4,5,65,1,1,1,1,1,1,1
0,1,4,4,4,4,72,1,1,1,1,1,1,1
0,2,6,5,6,6,83,1,1,1,1,1,1,1
0,1,5,5,5,5,84,1,1,1,0,0,1,0
0,1,6,3,6,5,79,1,1,1,1,1,1,1
0,2,4,4,5,4,75,0,1,1,1,1,1,1
0,1,5,5,5,4,85,0,1,0,1,0,1,1
0,2,5,4,5,5,86,1,0,1,1,1,1,1
0,2,5,4,5,5,87,0,1,1,1,1,1,1
0,2,5,5,5,5,89,0,1,1,1,1,1,1
1,1,5,4,4,5,76,0,1,1,1,1,1,1
1,1,5,3,4,3,73,0,1,1,1,1,1,1
1,2,5,2,6,5,80,0,1,1,1,1,1,1
0,1,6,5,4,4,93,1,1,1,1,1,1,1
1,1,5,4,4,4,80,0,1,1,1,1,1,1
0,2,5,2,6,3,80,0,0,1,0,1,0,0
0,1,5,3,3,4,82,1,1,1,1,1,1,1
0,1,5,4,5,5,77,0,1,1,0,0,1,1
0,2,4,3,4,5,72,1,1,1,1,1,1,1
0,1,5,2,4,3,70,0,1,1,1,0,1,0
1,2,6,5,6,6,85,1,1,1,1,1,1,1
0,2,6,4,6,5,68,0,1,1,1,1,1,1
0,2,5,4,4,5,80,1,1,1,1,1,1,1
0,5,5,4,4,5,65,0,1,1,1,1,1,1
0,2,5,4,4,6,80,1,1,1,1,1,1,1
1,1,5,4,4,5,72,0,0,1,1,1,1,1
1,2,5,3,4,5,74,0,1,1,0,0,1,1
0,1,5,2,4,5,62,1,1,1,1,1,1,1
0,1,6,5,6,6,90,1,0,1,1,1,1,1
0,1,6,5,5,5,85,1,1,1,1,1,1,1
0,1,6,4,4,6,75,0,1,0,1,1,1,1
0,2,5,1,3,5,81,1,1,1,1,1,1,1
1,1,6,4,5,4,68,1,1,1,1,1,1,1
0,1,4,4,4,4,70,0,0,1,1,1,1,1
1,2,5,4,4,4,75,1,1,1,1,1,1,1
0,2,6,5,4,4,70,0,1,1,1,1,1,1
0,1,4,2,4,4,52,1,1,1,1,1,1,1
0,1,6,4,4,4,75,1,1,1,1,1,1,0
1,1,5,4,4,5,75,0,1,1,1,1,1,1
0,1,6,5,6,5,85,1,1,1,1,1,1,1
0,1,4,2,4,4,65,0,1,1,1,1,1,1
0,1,5,4,5,4,75,1,1,1,1,1,1,1
0,1,5,4,4,5,75,1,1,1,1,1,1,1
0,2,5,4,5,4,71,1,1,1,1,1,1,1
0,1,4,4,3,2,57,0,1,1,1,1,1,1
1,1,5,4,4,4,83,1,1,1,1,1,1,1
0,2,5,4,5,4,79,1,1,1,1,1,1,1
0,1,5,4,4,5,75,1,1,1,1,1,1,1
1,1,5,6,4,5,87,0,1,1,1,1,1,1
0,1,5,4,4,5,81,0,1,1,1,0,1,1
0,1,4,4,4,4,86,1,1,1,1,1,1,1
0,1,5,4,5,5,83,1,1,1,1,1,1,1
0,1,6,6,6,6,88,1,1,1,1,1,1,1
0,1,4,4,4,2,41,0,1,0,1,1,1,1
1,1,4,2,4,5,70,1,1,0,1,1,1,1
0,1,6,4,5,4,85,0,1,1,1,1,1,1
0,2,5,5,4,4,71,0,1,1,1,1,1,1
0,1,4,2,1,3,36,1,1,1,1,1,1,1
0,1,6,5,5,5,75,1,1,1,1,1,1,1
1,1,5,5,5,5,90,1,1,1,1,1,1,1
0,2,6,5,5,6,80,0,1,1,1,1,0,1
0,2,5,4,5,5,82,1,1,1,1,1,1,1
0,2,6,1,4,4,10,1,1,1,1,1,1,1
0,1,4,3,4,4,75,1,1,1,1,0,1,1
0,1,5,6,4,5,93,1,1,1,1,1,1,1
0,2,6,3,6,4,87,0,1,1,1,1,1,1
0,1,6,4,4,6,90,0,1,1,1,1,1,1
1,1,6,4,4,5,71,1,1,0,1,1,1,1
0,2,6,4,5,6,89,0,1,1,1,1,1,1
0,1,6,4,5,6,78,1,1,1,1,1,1,1
1,2,6,5,5,5,78,0,1,1,1,1,1,1
0,2,6,4,5,6,90,0,0,1,1,0,1,1
0,2,4,1,3,4,73,0,1,1,1,1,1,1
0,2,5,5,5,5,84,1,1,1,1,1,1,1
0,2,6,4,6,5,67,0,1,1,1,1,1,1
0,2,2,1,2,1,40,0,1,1,1,0,1,1
0,2,4,5,6,5,97,1,1,1,1,1,1,1
0,2,6,4,5,4,70,0,1,1,1,1,1,1
1,2,4,4,5,5,85,0,1,1,1,1,1,1
1,1,6,5,5,4,81,1,1,1,1,1,1,1
0,2,6,4,5,4,83,1,1,1,1,1,1,1
0,1,5,4,4,4,75,0,1,1,1,1,1,1
0,1,4,4,4,4,70,1,1,1,1,1,1,1
0,2,5,4,4,5,91,1,1,1,1,1,1,1
1,1,6,4,4,5,80,1,1,1,1,1,1,1
0,1,5,4,5,5,86,1,0,0,1,1,1,1
0,1,4,4,5,4,82,1,1,1,1,1,1,1
1,1,5,4,4,5,84,1,1,1,1,1,1,1
0,1,5,2,4,5,70,0,1,1,1,0,1,0
0,2,5,4,3,4,85,1,1,1,1,1,1,1
0,1,5,5,5,4,69,1,1,1,1,1,1,1
0,1,5,4,4,4,72,1,1,1,1,1,1,1
0,1,6,5,5,6,97,1,1,1,1,1,1,1
1,1,5,3,2,4,65,1,1,1,1,1,1,1
1,2,4,1,2,2,25,1,1,1,1,1,1,1
1,2,5,4,5,5,88,0,1,1,1,1,1,1
0,2,5,4,5,4,70,1,1,1,1,1,1,1
0,2,5,4,5,4,69,1,1,1,1,1,1,1
0,1,5,4,5,5,76,1,1,1,1,1,1,1
0,1,6,4,5,5,79,1,1,1,1,1,1,1
0,1,6,4,5,4,89,1,1,1,1,1,1,1
1,1,5,5,4,5,87,0,1,1,1,1,1,1
1,2,6,5,6,6,86,1,1,1,1,1,1,1
0,1,6,5,4,6,73,1,1,1,1,1,1,1
1,1,5,4,4,5,87,1,1,1,1,1,1,1
0,1,6,5,5,5,90,0,1,0,1,1,1,1
1,1,4,3,3,3,55,1,0,1,1,1,1,1
0,1,5,4,4,4,48,0,1,1,1,1,1,1
0,2,6,2,6,6,75,0,1,1,0,0,0,0
1,1,5,5,4,4,81,1,1,1,1,1,1,1
0,1,5,5,5,5,0,1,1,1,1,1,1,1
0,2,5,5,5,5,86,1,1,1,1,1,1,1
1,2,6,5,6,5,95,1,1,1,1,1,1,1
0,2,6,2,5,4,58,0,1,1,1,1,1,1
0,2,6,4,6,5,95,1,1,0,1,1,1,1
1,2,5,4,3,4,60,1,1,1,1,1,1,1
1,1,4,4,2,4,75,0,1,0,1,1,1,1
0,1,5,5,5,4,74,1,1,0,1,1,1,1
0,1,4,2,5,3,45,1,1,1,1,1,1,1
1,1,4,4,4,5,72,1,1,1,1,1,1,1
1,1,4,2,1,2,60,1,1,1,1,1,1,1
1,2,6,4,4,6,75,1,1,1,1,1,1,1
0,2,5,3,4,3,61,1,1,1,1,0,1,1
1,1,6,5,5,5,85,1,1,1,1,1,1,1
0,2,4,2,4,4,81,0,1,1,1,1,1,1
0,1,6,2,5,4,76,0,1,1,1,1,1,1
0,1,6,4,5,4,85,1,1,1,1,1,1,1
0,1,4,4,4,4,80,0,1,0,1,1,1,1
0,2,5,4,4,5,70,1,1,0,1,0,0,1
0,1,5,4,5,5,84,1,1,1,1,1,1,1
0,1,4,2,2,4,45,1,1,1,1,1,1,1
0,2,6,3,6,4,78,1,1,0,1,1,1,1
1,1,5,5,4,5,87,1,1,1,1,1,1,1
0,2,5,4,5,5,79,1,1,1,1,1,1,1
0,1,6,3,5,5,90,1,1,1,1,1,1,1
0,1,5,4,5,5,80,1,1,1,1,0,1,1
1,1,4,4,4,5,85,1,1,1,1,1,1,1
0,1,4,4,3,4,70,1,1,1,1,1,1,1
0,2,5,4,5,5,85,0,1,1,1,1,1,0
0,1,5,3,4,5,70,1,1,1,1,1,1,1
0,2,4,4,3,4,76,1,1,1,1,1,1,1
0,2,5,4,5,5,90,1,1,1,1,1,1,1
0,2,6,4,5,5,86,1,1,1,1,1,1,1
0,1,5,4,5,5,76,1,1,1,1,1,1,1
1,1,5,4,5,4,70,0,1,1,1,1,1,1
0,1,5,5,5,5,80,1,1,1,1,1,1,1
1,1,5,4,5,5,87,0,1,1,1,1,1,1
0,2,5,5,5,5,70,0,1,1,1,1,1,0
0,1,4,2,5,4,74,1,1,1,0,1,1,1
0,1,5,5,5,5,78,1,1,1,1,1,1,1
0,1,4,3,3,3,60,1,1,1,1,1,1,1
0,2,3,1,2,1,64,1,1,1,1,1,1,1
0,1,5,5,5,5,80,0,1,1,1,1,1,1
0,1,6,5,5,6,93,1,1,1,1,1,1,1
1,2,6,4,4,5,75,0,1,1,1,1,1,1
0,1,5,5,5,5,60,1,1,1,1,1,1,1
0,1,4,3,4,4,65,0,1,1,1,1,1,1
0,1,5,3,4,4,72,1,1,1,1,1,1,1
0,2,5,4,5,5,88,0,1,1,1,1,0,1
0,2,6,4,6,6,90,1,1,1,1,1,1,1
0,2,5,5,4,5,75,1,1,1,1,1,1,1
0,2,5,3,5,4,70,0,1,1,1,0,1,1
1,1,5,2,2,5,80,1,1,1,1,1,1,1
0,1,5,5,5,5,69,1,1,1,1,1,1,1
1,1,5,4,4,5,89,0,1,1,1,1,1,1
0,1,5,5,4,5,82,1,1,1,1,1,1,1
0,1,6,5,5,5,86,1,1,1,1,1,1,1
0,1,4,4,4,5,89,1,1,0,1,1,1,1
0,2,5,4,5,4,65,1,1,1,1,1,1,1
0,1,5,4,4,4,80,1,1,1,1,1,1,1
0,1,6,4,5,5,88,1,1,1,1,1,1,1
0,1,5,5,5,5,90,1,1,1,1,1,1,1
0,2,4,3,3,4,72,0,1,1,1,1,1,1
1,2,4,3,3,2,47,0,1,1,1,1,1,1
1,1,5,5,5,5,71,0,1,1,1,1,1,1
0,1,5,5,5,5,80,1,1,1,1,1,1,1
1,2,5,5,4,5,87,0,1,1,1,1,1,1
0,1,5,5,5,5,85,1,1,1,1,1,1,1
0,2,5,5,5,5,89,1,1,1,1,1,1,1
0,1,5,3,4,4,70,0,1,1,1,1,1,1
0,1,6,5,5,6,93,1,1,1,1,1,1,1
0,2,5,4,4,4,87,1,1,1,1,1,1,1
0,1,6,4,4,4,66,1,1,1,1,1,1,1
0,1,5,5,5,5,90,1,1,1,1,1,1,1
1,1,5,4,4,5,70,1,1,1,1,1,1,1
1,1,5,4,5,5,92,1,1,1,1,1,1,1
0,2,6,1,6,6,85,1,1,1,1,1,1,0
1,2,5,2,5,4,85,1,1,1,1,1,1,1
0,2,6,6,6,6,94,1,1,1,1,1,1,1
1,1,5,4,5,5,98,1,1,1,1,1,1,1
0,1,5,4,4,5,87,1,1,1,1,1,1,1
0,1,5,5,5,5,65,1,1,1,1,1,1,1
1,2,5,3,5,4,75,1,1,1,1,1,1,1
1,2,5,5,5,5,70,1,1,1,1,1,1,1
1,1,6,5,6,6,60,0,1,1,1,1,1,1
1,2,6,4,5,5,80,0,1,1,1,1,1,1
0,1,6,5,4,6,99,0,1,1,1,1,1,1
1,2,6,4,6,5,80,0,1,1,1,1,1,1
0,1,5,4,4,5,80,1,1,1,1,1,1,1
1,1,6,6,6,6,83,1,1,1,1,1,1,1
0,1,5,4,5,4,77,0,1,1,1,1,1,1
1,2,5,5,4,5,92,1,1,1,1,1,1,1
0,2,6,4,4,5,74,0,1,1,1,1,1,1
0,1,5,4,4,5,87,1,1,1,1,1,1,1
0,2,5,4,4,5,82,1,1,1,1,1,1,1
0,1,5,5,4,5,75,1,1,0,1,1,1,1
0,2,6,5,5,5,80,0,1,1,1,1,1,1
0,1,5,4,5,5,86,1,1,1,1,1,1,1
0,1,5,5,4,5,78,1,1,1,1,1,1,1
0,2,6,4,5,5,100,1,0,1,1,1,1,1
0,2,6,6,5,5,83,0,1,1,1,1,1,1
0,2,6,4,4,4,70,1,1,1,1,1,1,1
0,2,6,5,5,5,83,0,1,1,1,0,1,0
0,1,6,5,5,5,74,1,1,1,1,1,1,1
0,2,5,5,5,5,86,0,1,1,1,1,1,0
1,2,6,5,4,5,85,1,1,1,1,1,1,1
0,1,5,4,3,5,80,0,1,1,1,1,1,1
0,2,5,4,5,4,90,1,1,1,1,1,1,1
0,2,6,4,5,5,70,1,1,1,1,1,1,1
1,1,6,5,6,6,100,1,1,1,1,1,1,1
1,2,5,3,4,5,90,1,1,1,1,1,1,1
0,1,6,3,6,5,94,1,1,1,1,1,1,1
0,1,4,3,4,4,57,1,1,1,1,1,1,1
0,1,6,4,5,5,80,1,1,1,0,1,1,1
1,2,6,4,5,6,78,1,1,1,1,1,1,1
1,1,6,4,5,6,98,1,1,1,1,1,1,1
0,1,5,4,5,5,87,1,0,1,1,1,1,1
0,1,6,5,6,5,90,1,1,0,1,1,1,1
0,1,4,2,1,4,50,0,1,1,1,1,1,1
0,1,6,4,5,4,80,0,1,1,1,1,1,1
0,1,6,5,5,6,79,1,1,1,1,1,1,1
1,2,5,4,3,5,78,1,1,1,1,1,1,1
0,2,5,4,4,5,85,0,1,1,1,1,1,1
0,2,5,4,4,4,81,1,1,1,1,1,1,1
0,5,6,4,5,5,91,1,1,1,1,1,1,1
1,2,5,4,5,4,70,0,1,1,1,1,1,1
0,2,5,5,5,5,80,1,1,1,1,1,1,1
1,1,4,4,5,5,35,1,1,1,1,1,1,1
1,1,4,3,4,6,96,1,1,1,1,1,1,1
1,2,4,4,5,4,85,1,1,1,1,1,1,1
1,2,4,1,2,1,60,0,1,0,1,1,1,1
1,1,5,5,6,5,88,1,1,1,1,1,1,1
1,1,5,5,4,5,87,1,1,1,1,1,1,1
0,2,4,3,3,4,75,1,1,1,1,1,1,1
0,2,5,5,5,5,87,1,1,1,1,1,1,1
0,1,6,5,4,6,86,1,1,1,1,1,1,1
1,1,5,5,5,5,90,1,1,1,1,1,1,1
1,2,4,4,4,5,70,1,1,1,1,1,1,1
1,1,4,4,4,4,70,1,1,1,1,1,1,1
1,1,5,5,4,6,71,1,1,1,1,1,1,1
0,2,6,4,4,4,65,1,1,1,1,1,1,1
0,2,6,4,6,4,81,1,1,0,1,1,1,1
0,2,6,5,6,5,99,1,1,1,1,1,1,1
1,2,5,3,4,5,70,1,1,1,1,1,1,1
0,2,4,2,4,4,67,0,0,1,1,1,1,1
0,1,6,5,6,6,83,1,1,1,1,1,1,1
1,1,5,4,5,5,75,1,1,1,1,1,1,1
0,1,4,4,3,4,56,1,1,1,1,1,1,1
0,2,5,1,5,4,75,1,1,1,1,1,1,0
0,2,5,4,5,4,80,0,1,1,1,1,1,1
0,2,6,4,6,5,100,1,1,1,1,1,1,1
1,2,6,5,6,5,80,1,1,1,1,1,1,1
1,1,6,4,5,6,80,1,1,1,1,1,1,1
0,1,5,4,4,4,60,0,1,1,1,1,1,1
1,2,5,4,5,5,85,0,1,1,1,1,1,1
0,1,5,4,4,5,70,1,1,1,1,1,1,1
0,2,6,6,5,5,80,0,1,1,1,1,1,1
0,2,5,4,4,5,86,1,1,1,1,1,1,1
1,2,5,4,4,4,80,1,1,1,1,1,1,1
0,2,6,4,5,5,65,1,1,1,1,1,1,1
1,2,6,6,5,6,92,1,1,1,1,1,1,1
0,2,6,6,6,6,93,0,0,1,1,1,1,1
0,1,5,5,4,4,80,1,1,1,1,1,1,1
0,2,5,5,5,6,92,0,1,1,1,1,1,1
0,1,6,5,5,6,90,1,1,1,1,1,1,1
0,1,2,2,1,4,50,1,0,0,1,1,1,1
1,1,5,5,5,5,94,1,1,1,1,1,1,1
1,2,5,4,6,4,80,1,1,1,1,1,1,1
0,1,6,4,5,6,99,0,1,1,1,1,1,1
0,1,5,4,4,4,63,1,1,1,1,1,1,1
0,1,6,4,5,5,85,1,1,1,1,1,1,1
1,1,5,5,5,5,83,1,1,1,1,1,1,1
1,1,4,3,3,4,40,0,1,1,1,1,1,1
0,1,5,5,5,5,75,1,1,1,1,1,1,1
0,2,5,5,6,4,90,1,1,1,1,1,1,1
0,2,4,4,2,4,67,1,1,1,1,1,1,1
0,2,5,5,5,4,85,1,1,1,1,1,1,1
0,1,6,6,6,6,95,0,1,1,0,0,1,1
1,2,6,3,4,5,84,0,1,1,1,1,1,1
0,2,5,2,5,2,50,0,1,1,1,1,1,1
1,1,5,3,4,5,67,0,1,1,1,1,1,1
0,1,5,4,5,5,88,1,1,1,1,1,1,1
0,2,6,5,5,6,90,1,1,1,1,1,1,1
0,1,6,6,5,4,79,1,1,0,1,1,1,1
0,1,5,5,5,5,87,0,1,1,1,1,1,1
0,2,6,5,5,5,85,0,1,1,1,1,1,1
1,1,5,4,4,5,79,1,1,1,1,1,1,1
0,1,5,4,4,3,62,1,1,1,1,1,1,1
0,1,5,3,4,5,78,1,1,1,1,1,1,1
0,2,4,3,5,3,70,0,1,1,1,1,1,1
0,1,6,3,6,5,100,1,1,1,1,1,1,1
0,1,6,5,6,4,82,1,1,1,1,1,1,1
0,1,5,5,5,6,94,1,0,1,1,1,1,1
0,1,5,4,5,5,9999,1,1,1,1,1,1,1
0,2,4,4,4,4,77,1,1,1,1,1,1,1
0,1,5,4,4,6,80,1,1,1,1,1,1,1
1,1,5,2,3,5,70,0,1,0,0,1,1,1
1,1,6,4,5,6,100,0,1,1,1,1,1,1
1,1,5,4,4,5,92,1,1,1,1,1,1,1
1,1,5,4,4,5,75,0,1,1,1,1,1,1
0,2,3,1,3,1,40,1,1,1,1,1,1,1
1,2,5,4,4,4,90,1,1,1,1,1,1,1
1,2,5,4,4,5,85,1,1,1,1,1,1,1
1,2,5,4,4,5,82,0,1,1,1,1,1,1
1,1,5,5,5,5,90,1,1,1,1,1,1,1
0,1,6,5,6,6,93,1,1,1,1,1,1,1
0,1,5,2,2,3,30,1,1,1,1,1,1,1
0,1,6,5,5,4,70,1,0,1,1,1,1,1
0,1,5,4,5,5,82,1,1,1,1,1,1,1
1,1,6,4,6,5,65,1,1,1,1,1,1,1
1,2,6,5,4,6,95,1,1,1,1,1,1,1
1,2,5,5,4,5,86,1,1,1,1,1,1,1
0,2,6,5,6,5,90,0,1,1,1,1,1,1
0,1,5,4,5,4,54,1,1,1,1,1,1,1
1,1,5,5,4,5,86,1,1,1,1,1,1,1
1,2,5,4,4,5,85,1,1,1,1,1,1,1
0,1,5,5,3,5,83,1,1,1,1,1,1,1
0,2,5,4,4,4,75,0,1,1,1,1,1,0
0,2,5,4,5,5,70,1,1,1,1,1,1,1
1,1,6,4,4,5,84,1,1,1,1,1,1,1
0,2,5,3,4,4,80,1,1,1,1,1,1,1
1,2,6,4,5,5,91,1,1,1,1,1,1,1
0,1,5,3,3,4,80,0,1,1,1,1,1,1
0,1,5,4,4,5,92,1,1,1,1,1,1,1
0,1,6,6,6,6,91,1,1,1,1,1,1,1
0,1,6,6,5,5,80,1,1,1,1,1,1,1
0,1,4,2,4,4,65,1,1,1,1,1,1,1
1,2,5,4,5,5,84,1,1,1,1,1,1,1
1,1,6,5,5,5,80,1,1,1,1,1,1,1
0,2,5,4,4,5,85,1,1,1,1,1,1,1
1,2,6,5,6,6,93,1,1,1,1,1,1,1
0,2,5,4,5,5,85,0,1,1,1,1,1,1
0,1,5,4,4,4,81,1,1,1,1,1,1,1
1,1,6,6,6,6,100,1,1,1,1,1,1,0
1,1,6,6,5,6,81,1,1,1,1,1,1,1
0,1,6,6,5,6,95,0,1,1,1,0,1,0
0,1,6,4,5,6,93,1,1,1,1,1,1,1
0,1,5,4,4,5,86,1,1,1,1,1,1,1
0,1,4,4,4,5,81,1,1,1,1,1,1,1
0,2,6,4,5,5,90,0,1,1,1,1,1,1
1,2,4,3,4,4,80,1,1,1,1,1,1,1
0,2,6,5,5,5,90,0,1,1,1,1,1,1
0,2,5,4,4,4,68,1,1,1,1,1,1,1
0,1,1,1,6,1,92,1,1,1,1,1,1,1
1,1,5,4,4,5,71,1,1,1,1,1,1,1
1,1,5,4,3,4,65,1,0,0,1,1,1,1
0,1,5,4,4,5,95,1,1,1,1,1,1,1
0,1,5,5,4,5,86,1,1,1,1,1,1,1
1,1,6,4,6,6,90,0,1,0,1,1,1,1
1,1,5,4,5,6,86,1,1,1,1,0,1,1
0,1,6,5,6,6,94,1,1,1,1,1,1,1
0,1,6,5,6,5,85,1,1,1,1,1,1,1
0,1,6,4,5,6,95,1,1,1,1,1,1,1
0,1,5,4,4,5,70,0,1,1,1,1,1,1
0,1,6,4,6,6,89,0,1,0,0,0,1,1
1,2,5,4,5,5,64,0,0,1,1,1,1,1
0,2,4,1,2,4,53,0,1,1,1,1,1,1
0,2,5,5,5,6,92,0,1,1,1,1,1,1
0,1,6,5,5,5,95,0,1,1,0,1,1,1
0,2,5,5,5,4,93,0,1,1,1,1,1,1
0,1,6,5,6,6,100,1,1,1,1,1,1,1
0,1,6,5,4,5,90,1,1,1,1,1,1,1
1,1,6,4,5,6,71,0,1,1,1,1,1,1
0,1,4,4,3,4,71,1,1,1,1,1,1,1
1,1,6,2,5,4,80,0,1,1,1,1,1,1
0,2,5,4,5,5,75,1,1,1,1,1,1,1
1,1,4,3,3,4,71,1,1,1,1,1,1,1
0,1,5,4,5,5,82,1,1,1,1,1,1,1
0,1,5,4,5,4,85,1,1,1,1,1,1,1
1,1,4,4,4,4,80,1,1,1,1,1,1,1
0,1,5,3,4,4,76,1,1,1,1,1,1,1
0,1,5,3,5,5,75,1,1,1,1,1,1,1
1,1,5,4,4,6,92,1,1,1,1,1,1,1
1,2,5,5,5,5,76,1,1,1,1,1,1,1
0,2,6,6,4,5,80,1,1,1,1,1,1,1
0,1,6,5,5,6,88,1,1,1,1,1,1,1
1,1,6,3,5,6,85,0,1,1,1,1,1,1
0,1,6,4,5,5,90,1,1,1,1,1,1,1
0,1,6,5,5,5,90,1,1,1,1,1,1,1
0,1,6,4,5,5,66,0,1,1,1,1,1,1
0,2,6,6,6,6,95,0,1,1,1,0,1,1
0,2,5,6,6,5,95,0,1,1,1,1,1,1
0,2,6,4,5,6,100,0,1,1,1,1,1,1
0,1,6,6,6,6,89,0,1,0,1,1,0,0
1,2,6,4,4,4,93,0,1,1,1,1,1,1
0,1,4,4,4,4,85,1,1,1,1,1,1,1
0,1,6,5,4,5,90,1,1,1,1,1,1,1
0,1,6,4,4,5,75,1,1,1,1,1,1,1
0,1,6,5,5,5,93,1,1,1,1,1,1,1
1,1,5,3,4,5,75,1,1,1,1,1,1,1
0,2,5,6,4,6,67,1,1,1,1,1,1,1
1,2,5,5,5,5,85,0,1,1,1,1,1,1
0,1,5,5,4,5,91,0,1,1,1,1,1,1
0,1,5,3,4,4,70,1,1,1,1,1,1,1
0,1,6,4,5,5,83,1,1,1,1,1,1,1
0,1,6,6,6,5,89,1,1,1,1,0,1,1
0,1,6,5,5,6,85,1,1,1,1,1,1,1
1,1,4,4,4,5,83,0,1,1,1,1,1,1
0,1,5,4,4,5,87,1,1,1,1,1,1,1
0,2,6,5,6,5,85,1,1,1,1,1,1,1
1,2,5,4,4,5,90,1,1,1,1,1,1,1
0,1,6,4,5,5,70,0,1,1,1,0,1,1
0,2,6,5,6,6,92,1,1,1,1,1,1,1
0,1,6,5,5,5,78,1,1,1,1,0,1,0
1,2,5,5,5,5,87,0,0,1,1,1,1,1
0,1,5,5,6,5,85,1,1,1,1,1,1,1
1,2,6,5,6,6,92,1,1,1,1,1,1,1
0,1,5,4,4,5,90,1,1,1,1,1,1,1
0,2,5,5,5,5,88,1,1,1,1,1,1,1
1,1,6,3,5,2,76,0,1,1,1,1,1,1
0,1,5,5,4,5,93,1,1,1,1,1,1,1
1,3,6,5,6,6,85,1,1,1,1,1,1,1
0,1,5,5,5,5,80,0,1,1,1,1,1,1
0,1,6,4,4,6,74,0,1,1,1,1,1,1
0,1,5,5,5,5,85,1,1,1,1,1,1,1
1,1,6,4,5,4,80,1,1,1,1,1,1,1
0,2,5,4,2,3,64,1,1,1,1,1,1,1
1,2,5,5,5,4,73,1,1,1,1,1,1,1
0,1,6,2,6,4,75,1,1,1,1,1,1,1
0,1,6,5,5,5,91,1,1,1,1,1,1,1
0,3,5,4,4,4,80,1,1,1,1,1,1,1
0,1,5,4,4,4,80,1,1,1,1,1,1,1
0,1,6,5,5,6,91,1,1,1,1,1,1,1
0,1,5,5,5,4,62,1,1,1,1,1,1,1
0,1,5,4,4,4,75,1,1,1,1,1,1,1
0,2,4,4,5,5,70,1,1,1,1,1,1,1
0,1,4,4,4,5,82,1,1,1,1,1,1,1
1,1,4,4,6,6,52,1,1,1,1,1,1,1
0,1,6,3,4,4,60,0,1,1,1,0,1,1
1,2,6,4,6,6,89,1,1,1,1,1,1,1
1,1,6,4,6,6,85,1,1,1,1,1,1,1
0,1,5,4,5,4,80,1,1,1,1,1,1,1
0,2,5,4,5,5,7,1,1,1,1,1,1,1
0,1,6,6,5,6,95,0,1,1,1,1,1,1
0,1,4,4,4,4,83,1,1,0,1,1,1,1
0,2,5,5,5,5,51,1,1,1,1,1,1,1
0,1,4,4,5,5,83,1,1,1,1,1,1,1
0,1,6,4,6,5,80,1,1,1,1,1,1,1
1,1,6,5,3,5,95,1,1,1,1,1,1,1
0,2,4,4,4,4,80,1,1,1,1,1,1,1
1,1,5,3,5,4,70,0,0,0,1,0,1,0
1,2,5,2,4,4,68,1,1,1,1,1,1,1
0,2,6,3,5,5,75,0,1,1,1,1,1,1
0,2,5,4,5,5,80,1,1,1,1,1,1,1
0,2,6,3,5,2,39,1,1,1,1,1,1,1
0,1,5,3,3,4,83,1,1,1,1,1,1,1
0,1,5,5,4,5,75,1,1,1,1,1,1,1
1,1,5,4,4,5,90,1,1,1,1,1,1,1
1,1,6,4,5,6,81,1,1,1,0,1,1,1
1,1,6,5,5,6,81,1,1,1,1,1,1,1
0,1,5,4,4,4,85,0,1,1,1,1,1,1
0,1,5,4,4,5,87,1,1,1,1,1,1,1
1,2,5,4,4,5,90,1,1,1,1,1,1,1
0,1,5,4,5,5,49,1,1,1,1,1,1,1
0,2,6,5,4,4,88,0,1,1,1,1,1,1
1,2,6,4,5,5,81,0,0,1,1,1,1,1
0,1,6,5,6,5,85,1,1,1,1,1,1,1
0,1,4,4,3,4,49,1,1,1,1,1,1,1
1,1,5,4,5,5,85,1,1,1,1,1,1,1
0,1,5,5,5,5,71,1,1,1,1,1,1,1
0,2,5,5,5,5,91,1,1,1,1,1,1,1
1,1,6,3,4,4,79,0,1,1,1,1,1,1
0,1,5,3,4,5,84,1,1,1,1,1,1,1
1,1,6,6,5,5,85,1,1,1,1,1,1,1
0,2,6,5,5,6,91,1,1,1,1,1,1,1
1,2,5,5,5,5,90,1,1,1,1,1,1,1
0,1,6,5,5,5,90,1,1,1,1,1,1,1
1,1,5,3,4,5,89,1,1,0,1,1,1,1
0,1,5,5,5,5,82,1,1,1,1,1,1,1
0,2,5,5,5,5,85,1,1,1,1,1,1,1
1,1,5,4,5,5,85,0,1,1,1,1,1,1
1,2,6,4,5,6,93,1,1,1,1,1,1,1
0,1,5,4,4,5,75,0,1,1,1,1,1,1
1,1,5,5,5,5,80,1,1,1,1,1,1,1
0,1,6,6,5,5,90,1,1,1,1,1,1,1
1,2,5,4,5,5,90,1,1,1,1,1,1,1
0,2,6,5,6,6,95,1,1,1,1,1,1,1
0,2,5,5,5,5,96,1,1,1,1,1,1,1
0,1,5,4,5,5,71,1,1,1,1,1,1,1
0,2,6,4,5,5,75,0,1,1,1,1,1,1
0,1,6,6,5,5,89,1,1,1,1,1,1,1
0,1,5,4,4,6,80,0,1,1,1,1,1,1
0,2,5,5,5,5,90,1,1,1,1,1,1,1
0,2,6,6,6,6,100,1,1,1,1,1,1,1
0,1,6,4,5,5,86,1,1,1,1,1,1,1
0,2,5,5,6,6,91,1,1,1,1,1,1,1
0,1,6,5,6,5,90,1,1,1,1,1,1,1
1,1,5,5,5,5,85,1,1,1,1,1,1,1
0,1,6,5,4,6,89,1,1,1,1,1,1,1
0,1,6,5,5,5,92,1,1,1,1,1,1,1
0,1,6,4,6,5,92,0,1,0,1,1,1,1
1,1,4,4,2,6,71,0,1,0,1,0,1,1
0,1,6,4,3,6,95,1,1,1,1,1,1,1
1,2,6,6,5,5,95,1,1,1,1,1,1,1
1,2,5,4,5,4,79,1,1,1,1,1,1,1
1,1,6,5,5,6,95,0,1,1,1,1,1,1
0,2,4,4,4,4,81,1,1,1,1,1,0,1
0,2,6,6,6,6,100,1,1,1,1,1,1,1
1,1,5,3,4,5,65,1,1,1,1,1,1,1
0,2,2,2,2,2,30,1,1,1,1,1,1,1
0,1,6,5,5,6,93,1,1,1,1,1,1,1
1,2,6,4,4,6,81,0,1,1,1,1,1,1
0,1,6,6,5,6,88,1,1,1,1,1,1,1
1,2,6,5,5,6,93,1,1,1,1,1,1,1
0,2,6,5,5,5,90,0,1,1,1,1,1,1
1,1,6,5,5,5,95,1,1,1,1,1,1,1
0,1,6,5,5,5,90,1,1,1,1,0,1,1
0,1,5,5,5,5,85,1,1,1,1,1,1,1
0,2,5,5,4,5,80,1,1,1,1,1,1,1
0,2,6,6,6,6,90,1,1,1,1,1,1,1
1,2,5,4,4,4,80,1,1,1,1,1,1,1
0,1,6,5,5,6,90,0,1,1,1,1,1,1
0,2,6,5,6,6,100,0,1,1,1,1,1,1
0,2,6,4,5,5,94,1,1,1,1,1,1,1
1,1,6,3,3,4,73,1,1,1,1,1,1,1
1,2,5,3,4,5,89,1,1,1,1,1,1,1
0,1,5,5,5,4,86,1,1,1,1,1,1,1
0,2,6,5,5,5,79,1,1,1,1,1,1,1
0,1,6,4,3,3,88,1,1,0,1,1,1,0
0,1,5,4,4,5,85,0,0,0,1,0,0,0
0,1,5,5,5,5,86,1,1,1,1,1,1,1
0,2,5,5,5,5,92,1,1,0,1,1,1,1
0,1,6,5,6,6,92,1,1,1,1,1,1,1
0,1,6,4,4,5,87,1,1,1,1,0,1,1
1,4,5,5,5,5,80,1,1,1,1,1,1,1
0,2,5,5,5,5,100,1,1,1,1,1,1,1
1,1,6,5,5,6,88,1,1,1,1,1,1,1
0,1,6,4,6,5,85,1,1,1,1,1,1,1
1,1,6,3,4,5,86,1,1,1,1,1,1,1
0,1,6,6,6,6,76,0,1,1,1,1,1,1
0,1,5,6,5,6,90,1,1,1,1,1,1,1
1,2,5,4,5,5,73,1,1,1,1,1,1,1
0,1,3,3,3,4,88,0,1,1,1,1,1,1
1,1,5,5,5,6,85,1,1,1,1,1,1,1
0,1,6,6,6,6,92,1,1,1,1,1,1,1
0,1,5,1,4,5,90,1,1,1,1,1,1,1
0,5,6,5,5,4,76,1,1,1,1,1,1,1
0,1,6,5,5,6,87,1,1,1,1,1,1,1
1,1,2,4,3,4,65,1,1,1,1,1,1,1
0,2,6,4,4,5,85,1,1,1,1,1,1,1
1,2,6,6,5,6,100,0,1,1,1,1,1,1
0,1,6,6,6,6,100,0,1,0,1,1,1,1
0,1,6,5,6,6,80,0,1,1,1,1,1,1
0,2,5,4,4,4,70,1,1,1,1,1,1,1
0,1,5,5,5,6,85,1,1,1,1,1,1,1
1,1,6,1,4,4,87,0,1,1,1,1,1,1
0,2,5,5,3,5,80,1,1,1,1,1,1,1
1,1,6,5,5,6,90,1,1,1,1,1,1,1
1,1,5,4,5,5,82,1,1,1,1,1,1,1
1,1,4,4,4,4,75,0,1,1,1,1,1,1
0,1,6,4,5,6,95,1,1,1,1,1,1,1
0,2,6,5,5,6,100,0,1,1,1,1,1,1
0,2,6,4,4,5,85,1,1,1,1,1,1,1
1,2,6,6,6,5,85,1,1,1,1,1,1,1
1,2,6,6,6,6,80,1,1,1,1,1,1,1
1,2,5,4,4,6,81,1,1,1,1,1,1,1
0,2,5,4,4,5,81,1,1,1,1,1,1,1
0,1,5,4,4,5,86,1,1,1,1,1,1,1
0,1,6,4,4,5,85,1,1,1,1,1,1,1
0,1,5,4,5,5,72,1,1,1,1,1,1,1
1,1,5,5,5,5,85,1,1,1,1,1,1,1
1,1,5,3,5,5,85,0,1,1,1,1,1,1
1,2,4,6,5,5,90,1,1,1,1,1,1,1
0,2,6,4,5,6,81,1,1,1,1,1,1,1
0,1,6,5,6,5,95,1,1,1,1,1,1,1
1,1,6,4,4,4,70,1,1,1,1,1,1,1
1,2,4,5,5,5,86,1,1,1,1,1,1,1
0,2,5,5,5,5,85,1,1,1,1,1,1,1
1,1,6,4,6,5,73,1,1,1,1,1,1,1
0,1,6,4,4,5,75,1,1,1,1,1,1,1
1,1,6,5,5,6,95,1,1,1,1,1,1,1
0,1,6,4,5,5,75,1,1,0,1,1,1,1
0,2,6,4,6,4,65,1,1,1,1,1,1,1
0,1,6,5,5,6,90,1,1,1,1,1,1,1
1,1,6,5,6,6,87,0,1,1,1,1,1,1
0,1,6,4,6,5,85,1,1,1,1,1,1,0
1,1,6,5,6,6,80,1,1,1,1,1,1,1
1,2,6,6,6,6,94,0,1,1,1,1,1,1
0,1,6,4,4,4,83,1,1,1,1,1,1,1
1,1,6,6,6,6,100,1,1,1,1,1,1,1
0,2,5,6,6,6,93,0,1,1,1,1,1,1
0,1,5,6,5,5,85,1,1,1,1,1,1,1
0,1,6,4,5,5,75,1,1,1,1,1,1,1
0,1,5,6,6,5,78,1,1,1,1,1,1,1
1,1,5,5,5,5,89,1,1,1,1,1,1,1
1,2,6,4,6,6,90,1,1,1,1,1,1,1
0,1,6,5,5,5,94,1,1,1,1,1,1,1
0,1,6,6,6,5,82,0,1,0,1,1,1,1
0,1,5,4,5,5,89,1,1,1,1,1,1,1
0,1,6,4,4,4,88,1,1,1,1,1,1,1
1,1,5,1,5,1,91,0,1,1,1,1,1,1
0,1,6,3,4,5,89,1,1,1,1,1,1,1
0,1,6,4,5,6,90,1,1,1,1,1,1,1
0,2,6,4,6,6,90,1,0,1,1,1,0,0
1,1,5,3,4,4,73,1,1,1,1,1,1,1
0,1,5,3,3,4,80,1,1,1,1,1,1,1
0,2,6,6,6,6,90,0,1,1,1,1,1,1
0,1,5,4,5,5,87,1,1,1,1,1,1,1
0,1,5,5,6,5,82,0,1,1,1,0,1,1
0,1,6,6,6,6,84,0,1,1,1,1,1,0
0,1,5,4,5,5,82,0,1,1,1,1,1,1
0,2,5,4,4,4,75,1,1,1,1,1,1,1
1,1,5,5,5,5,87,1,1,1,1,1,1,1
0,1,6,4,4,6,81,1,1,1,1,1,1,1
0,1,5,5,5,5,87,1,1,1,1,1,1,1
0,1,5,5,5,5,90,1,1,1,1,1,1,1
0,2,6,5,5,6,90,1,1,1,1,1,1,1
0,2,6,5,5,5,91,1,1,1,1,1,1,1
1,1,6,5,6,6,100,1,1,1,1,1,1,1
1,1,6,6,6,6,100,1,1,1,1,1,1,1
1,2,6,5,5,6,92,1,1,1,1,1,1,1
0,2,5,4,5,6,85,0,1,1,1,1,1,1
0,2,6,5,6,5,80,0,1,1,1,1,1,1
1,1,5,4,4,5,83,1,1,1,1,1,1,1
0,2,6,6,6,6,100,1,1,1,1,1,1,1
0,1,6,5,6,5,90,1,1,1,1,1,1,1
1,2,5,4,5,5,60,1,1,1,1,1,1,1
1,2,6,6,6,6,98,0,0,0,1,1,1,1
0,1,6,5,5,5,87,1,1,1,1,1,1,1
0,1,6,5,4,6,96,1,1,1,1,1,1,1
0,1,6,5,5,6,91,1,1,1,1,1,1,1
1,1,6,4,5,5,81,1,1,1,1,1,1,1
0,1,6,4,5,5,95,1,1,1,1,1,1,1
1,1,5,5,5,5,76,1,1,1,1,1,1,1
0,1,5,4,5,5,74,1,1,1,1,0,1,1
1,1,6,6,5,6,95,1,1,1,1,1,1,1
1,1,6,4,4,5,75,1,1,1,1,1,1,1
0,1,6,5,6,6,90,1,1,1,1,1,1,1
0,1,6,5,5,5,86,1,1,1,1,1,1,1
0,1,6,5,5,5,82,1,1,1,1,1,1,1
0,1,6,4,5,5,87,1,1,1,1,1,1,1
0,2,6,5,5,6,88,0,1,1,1,1,1,1
0,1,6,4,6,6,98,1,1,1,1,1,1,1
1,1,6,6,6,6,84,1,1,1,1,1,1,1
1,1,6,4,6,6,97,1,1,1,1,1,1,1
1,1,6,3,4,5,89,1,1,1,1,1,1,0
1,2,6,1,3,6,71,1,1,1,1,1,1,1
1,1,6,2,3,5,71,1,1,1,1,1,1,1
1,2,6,4,6,6,92,1,1,1,1,0,0,0
0,1,6,4,5,5,86,1,1,1,1,1,1,1
0,1,6,4,5,6,93,0,1,1,1,1,1,1
0,2,6,5,6,5,90,1,1,1,1,1,1,1
0,1,6,4,5,6,91,1,1,1,1,1,1,1
0,3,6,6,4,5,85,1,1,0,1,1,1,1
1,1,6,5,5,6,96,1,1,1,1,1,1,1
0,1,6,5,6,6,90,1,1,1,1,1,1,1
1,1,6,4,5,5,83,1,1,1,1,1,1,1
1,1,6,6,6,6,100,1,1,1,1,1,1,1
1,2,6,5,6,6,90,0,1,1,1,1,1,1
1,2,5,4,4,6,90,1,1,1,1,1,1,1
1,1,5,3,5,4,70,1,1,1,1,1,1,1
0,1,6,5,5,5,81,1,1,1,1,1,1,1
0,1,5,5,3,5,85,1,1,1,1,1,1,1
0,1,6,4,6,6,80,1,1,1,1,1,1,1
0,1,6,6,6,5,80,1,1,1,1,1,1,1
1,2,4,5,4,5,79,1,1,1,1,1,1,1
1,1,6,4,6,6,90,1,1,1,1,1,1,1
0,1,6,4,5,5,85,1,1,1,1,1,1,1
0,1,6,4,5,6,91,1,1,1,1,1,1,1
0,1,5,4,5,5,79,1,1,1,1,1,1,1
1,1,6,5,5,6,92,1,1,1,1,1,1,1
0,1,6,5,5,5,86,1,1,1,1,1,1,1
0,1,5,6,3,6,78,1,1,1,1,1,1,1
0,1,6,4,5,4,50,1,1,1,1,0,1,1
1,2,5,5,5,5,100,1,1,1,1,1,1,1
0,1,6,5,5,6,90,1,1,1,1,1,1,1
0,1,6,5,5,6,90,1,1,1,1,1,1,1
0,1,6,4,5,5,90,1,1,1,1,1,1,1
0,1,6,4,5,5,75,0,1,1,1,1,1,1
1,1,5,4,5,5,90,1,1,1,0,1,1,1
0,2,6,5,1,5,95,1,1,1,1,1,1,1
0,1,6,5,6,6,90,0,1,1,1,1,1,1
0,1,5,4,4,4,83,1,1,1,1,1,1,1
1,1,6,5,5,6,92,1,1,1,1,1,1,1
0,1,6,6,6,6,88,1,1,1,1,1,1,1
0,1,6,5,6,6,88,1,1,1,1,1,1,1
0,1,6,6,6,6,85,1,1,1,1,1,1,1
0,2,4,2,5,4,70,1,1,1,1,1,1,1
1,1,6,6,5,4,88,1,1,1,1,1,1,1
0,2,5,2,3,4,81,1,1,1,1,1,1,1
1,1,6,4,5,5,70,1,1,1,1,1,1,1
0,2,6,5,6,6,85,1,1,1,1,1,1,1
0,2,6,4,6,4,63,1,1,1,1,1,1,1
1,2,5,5,4,5,90,1,1,1,1,1,1,1
0,1,6,5,6,6,94,0,1,1,1,1,1,0
0,2,6,4,5,4,85,1,1,1,1,1,1,1
0,2,6,4,3,6,81,1,1,1,1,1,1,1
1,2,6,6,6,5,95,1,1,1,1,1,1,1
0,2,4,3,1,6,100,1,1,1,1,1,1,1
0,2,6,5,4,6,81,1,1,1,1,1,1,1
1,1,6,6,6,6,94,1,1,1,1,1,1,1
0,1,6,6,6,6,90,1,1,1,1,1,1,1
0,2,6,5,5,6,86,1,1,1,1,1,1,1
0,2,5,5,5,5,92,1,1,1,1,1,1,1
0,1,6,4,5,5,90,1,1,1,1,1,1,1
1,2,6,3,6,5,75,1,1,1,1,1,1,1
1,1,6,5,6,5,85,1,1,1,1,1,1,1
0,1,1,1,1,1,90,1,1,1,1,1,1,1
0,2,6,5,6,6,91,1,1,1,1,1,1,1
1,2,5,5,5,5,86,1,1,1,1,1,1,1
0,1,6,5,6,4,84,1,1,1,1,1,1,1
0,1,5,4,5,4,80,1,1,1,1,1,1,1
1,1,6,4,5,5,90,1,1,1,1,1,1,1
0,2,6,6,5,6,90,1,1,1,1,1,1,1
1,1,6,6,6,6,96,1,1,1,1,1,1,1
0,1,6,5,5,6,90,0,1,1,1,1,1,1
1,1,6,6,6,5,93,1,1,1,1,1,1,1
0,2,6,6,6,6,100,1,1,1,1,1,1,1
0,1,6,4,5,5,90,1,1,1,1,1,1,1
0,1,6,4,6,6,90,1,1,1,1,1,1,1
0,1,4,6,4,6,96,1,1,1,1,1,1,1
1,2,5,4,5,5,90,1,1,1,1,1,1,1
0,1,6,6,4,6,70,0,1,1,1,1,1,1
0,1,6,5,5,5,84,1,1,1,1,1,1,1
0,2,6,5,4,5,70,1,1,1,1,1,1,1
0,1,6,6,6,6,95,1,1,1,1,1,1,1
0,1,6,5,6,6,71,1,1,1,1,1,1,1
0,1,6,3,5,6,84,1,1,1,1,1,1,1
0,1,6,4,5,6,97,1,1,1,1,1,1,1
1,2,6,5,5,5,84,1,1,1,1,1,1,1
0,1,6,5,6,6,93,1,1,1,1,1,1,1
1,1,5,5,3,5,93,1,1,1,1,1,1,1
0,1,5,2,3,3,60,1,1,1,1,1,1,1
0,2,6,6,6,6,90,0,1,1,1,1,1,1
1,2,4,4,5,4,86,1,1,1,1,1,1,1
0,1,5,4,5,5,80,1,1,1,1,1,1,1
0,1,5,4,5,4,91,1,1,1,1,0,0,1
0,1,6,5,5,6,93,1,1,1,1,1,1,1
0,2,6,6,6,6,95,1,1,1,1,1,1,1
0,2,6,5,6,6,90,1,1,1,1,1,1,1
0,2,6,6,6,6,2,0,1,0,0,0,1,0
0,1,6,4,4,4,79,1,1,1,1,1,1,1
0,1,5,4,5,5,85,1,1,1,1,1,1,1
0,2,6,4,6,4,75,1,1,1,1,1,1,1
0,2,5,5,6,6,84,1,1,1,1,1,1,1
1,2,6,6,5,6,87,1,1,1,1,1,1,1
0,1,6,5,6,6,99,1,1,1,1,1,1,1
0,1,6,4,5,4,40,1,1,1,1,1,1,1
0,2,6,5,6,5,80,1,1,1,1,1,1,1
0,1,5,4,6,6,80,0,1,1,1,1,1,1
1,2,6,5,5,6,93,1,1,1,1,1,1,1
0,2,6,4,5,5,85,1,1,1,1,1,1,1
1,2,6,5,5,5,95,1,1,1,1,1,1,1
1,2,6,5,5,6,85,1,1,1,1,1,1,1
1,1,6,5,4,6,70,1,1,1,1,1,1,1
0,1,6,5,6,6,95,1,1,1,1,1,1,1
0,1,5,5,4,6,92,1,1,1,1,1,1,1
0,2,5,4,5,5,82,1,1,1,1,1,1,1
0,1,6,6,6,5,89,1,1,1,1,1,1,1
0,1,6,4,5,6,91,1,1,1,1,1,1,1
0,1,6,6,6,6,86,1,1,1,1,1,1,1
1,1,4,3,4,4,85,1,1,1,1,1,1,1
0,1,6,5,6,6,80,1,1,1,1,1,1,1
1,1,6,6,5,6,100,1,1,1,1,1,1,1
1,1,6,5,5,5,80,1,1,1,1,1,1,1
0,2,6,5,6,6,86,1,1,1,1,1,1,1
0,2,6,4,5,6,93,1,1,1,1,1,1,1
0,2,6,4,5,5,75,1,1,1,1,1,1,1
0,1,5,5,6,6,98,1,1,1,1,1,1,1
0,1,6,6,6,6,42,0,1,1,0,1,1,1
1,1,6,5,6,6,93,1,1,1,1,1,1,1
1,2,4,3,4,5,80,1,1,1,1,1,1,1
1,1,6,5,5,6,95,1,1,1,1,1,1,1
0,1,6,5,5,6,85,1,1,1,1,1,1,1
1,2,6,6,6,6,70,1,1,1,1,1,1,1
0,2,6,6,6,6,97,1,0,1,1,1,1,1
0,2,5,4,4,5,81,1,1,1,1,1,1,1
0,2,6,5,6,6,100,1,1,1,1,1,1,1
0,1,6,5,5,6,97,1,1,1,1,1,1,1
1,2,5,6,6,6,84,1,1,1,1,1,1,1
1,2,6,6,6,6,100,1,1,1,1,1,1,1
0,1,6,4,4,6,75,0,1,1,1,1,1,1
0,1,6,6,5,6,79,1,1,1,1,1,1,1
0,1,6,5,6,4,80,0,1,1,1,1,1,1
0,1,6,6,5,6,90,1,1,1,1,1,1,1
1,1,6,5,5,5,91,1,1,1,1,1,1,1
0,1,5,5,5,5,89,1,1,1,1,1,1,1
1,2,6,6,6,6,100,1,1,1,1,1,1,1
0,1,6,5,6,6,94,0,1,1,1,0,1,1
1,2,6,5,6,6,100,1,1,1,1,1,1,1
0,2,6,5,6,6,97,1,1,1,1,1,1,1
0,2,6,5,4,5,92,1,1,1,1,1,1,1
0,2,6,6,6,6,82,0,1,0,0,0,0,0
1,1,6,5,6,5,91,1,1,1,1,1,1,1
1,1,6,5,6,6,95,1,1,1,1,1,1,1
0,1,6,6,6,6,100,1,1,1,1,1,1,1
1,2,6,6,5,2,72,0,1,1,1,1,0,1
0,1,6,6,6,5,90,1,1,1,1,1,1,1
0,1,5,5,5,5,90,1,1,1,1,1,1,1
1,1,6,6,6,6,100,1,1,1,1,1,1,1
0,2,6,5,6,6,100,1,1,1,1,1,1,1
0,1,6,6,5,6,93,1,1,1,1,1,1,1
1,2,6,5,6,6,90,1,1,1,1,1,1,1
1,1,6,5,6,6,85,1,1,1,1,1,1,1
1,2,6,5,6,5,86,1,1,1,1,1,1,1
1,2,6,5,6,6,100,1,1,1,1,1,1,1
0,1,6,1,5,6,97,1,1,1,1,1,1,1
0,1,5,4,5,5,73,1,1,1,1,1,1,1
1,1,6,5,6,6,90,1,1,1,1,1,1,1
1,1,6,6,6,6,86,1,1,1,1,1,1,1
1,2,4,3,4,4,70,1,1,1,1,1,1,1
0,1,5,5,5,5,90,1,1,1,1,1,1,1
0,1,6,5,4,5,72,1,1,1,1,1,1,1
1,2,6,6,6,6,89,1,1,1,1,1,1,1
0,2,6,6,6,6,100,1,1,1,1,1,1,1
0,2,6,6,6,5,100,1,1,1,1,1,1,1
1,2,5,4,4,4,89,1,1,1,1,1,1,1
0,1,6,1,6,6,88,1,1,1,1,1,1,1
1,1,6,5,5,6,100,1,1,1,1,1,1,1
1,1,6,5,5,5,95,1,1,1,1,1,1,1
0,2,6,6,6,6,95,1,1,1,1,1,1,1
0,2,5,4,6,6,100,1,1,1,1,1,1,1
0,2,6,5,5,6,90,1,1,1,1,1,1,1
0,1,6,6,6,6,92,1,1,1,1,1,1,1
0,2,6,4,4,6,74,1,1,1,1,1,1,1
0,1,6,5,6,6,100,0,1,1,1,1,1,1
1,2,6,4,6,6,72,0,1,1,1,1,1,1
1,2,5,6,6,6,92,1,1,1,1,1,1,1
1,1,5,4,5,5,89,1,1,1,1,1,1,1
1,2,6,6,6,6,100,1,1,1,1,1,1,1
0,2,6,1,2,5,90,1,1,1,1,1,1,1
1,1,6,6,6,6,96,1,1,1,1,1,1,1
0,1,6,4,6,6,85,1,1,1,1,1,1,1
1,1,5,5,5,6,84,1,1,1,1,1,1,1
0,1,5,5,6,5,92,1,1,1,1,1,1,1
1,1,6,6,6,6,97,1,1,1,1,1,1,1
0,1,6,4,3,6,92,1,1,1,1,1,1,1
0,1,6,6,6,6,92,1,1,1,1,1,1,1
0,2,6,6,6,6,80,1,1,1,1,1,1,1
1,2,5,5,5,4,88,1,1,1,1,1,1,1
0,2,6,6,6,6,100,1,1,1,1,1,1,1
1,1,6,5,5,6,100,1,1,1,1,1,1,1
0,1,6,5,5,4,80,1,1,1,1,1,1,1
0,2,6,5,5,5,69,1,1,1,1,1,0,1
1,1,6,5,6,6,92,1,1,1,1,1,1,1
0,2,6,5,5,5,87,1,1,1,1,1,1,1
1,2,6,6,6,6,90,1,1,1,1,1,1,1
0,1,6,6,6,6,90,1,1,1,1,1,1,1
0,1,6,6,5,6,100,1,1,1,1,1,1,1
1,1,6,5,6,6,100,1,1,1,1,1,1,1
0,2,6,6,6,6,90,1,1,1,1,1,1,1
1,1,6,5,5,6,85,1,1,1,1,1,1,1
0,1,6,6,6,5,87,1,1,1,1,1,1,1
0,1,6,6,6,6,100,1,1,1,1,1,1,1
0,1,6,6,6,6,96,1,1,1,1,1,1,1
0,1,6,4,6,5,86,1,1,1,1,1,1,1
0,1,1,1,5,1,80,1,1,1,1,1,1,1
0,2,6,5,6,6,100,1,1,1,1,1,1,1
0,2,6,5,5,6,95,1,1,1,1,1,1,1
0,2,6,6,6,6,100,1,1,1,1,1,1,1
0,1,6,5,6,6,85,1,1,1,1,1,1,1
0,1,6,6,6,6,91,1,1,1,1,1,1,1
0,1,5,5,6,5,94,1,1,1,1,1,1,1
0,1,5,6,5,5,87,1,1,1,1,1,1,1
0,2,6,6,6,6,100,1,1,1,1,1,1,1
1,2,6,6,6,6,99,1,1,1,1,1,1,1
0,2,4,4,4,4,76,1,1,1,1,1,1,1
1,2,6,6,6,6,100,1,1,1,1,1,1,1
0,1,6,6,6,6,100,1,1,1,1,1,1,1
0,1,6,6,6,6,100,1,1,1,1,1,1,1
0,2,6,6,6,6,94,1,1,1,1,1,1,1
1,1,5,5,5,5,37,0,1,1,1,0,1,1
0,2,6,6,6,6,100,1,1,1,1,1,1,1
0,2,6,6,6,6,100,1,1,1,1,1,1,1
0,2,5,6,6,6,99,1,1,1,1,1,1,1
9999,1,4,2,3,4,50,9999,9999,9999,9999,9999,9999,9999
9999,1,9999,9999,9999,9999,9999,9999,9999,9999,9999,9999,9999,9999
9999,2,5,4,4,5,85,9999,9999,9999,9999,9999,9999,9999
9999,1,4,4,2,3,69,9999,9999,9999,9999,9999,9999,9999
9999,1,4,4,1,3,19,0,1,1,1,1,1,1
9999,1,6,5,5,5,90,9999,9999,9999,9999,9999,9999,9999
9999,5,9999,9999,9999,9999,9999,9999,9999,9999,9999,9999,9999,9999
9999,1,5,1,1,4,78,9999,9999,9999,9999,9999,9999,9999
9999,1,9999,9999,2,2,60,9999,9999,9999,9999,9999,9999,9999
9999,2,9999,9999,9999,9999,9999,9999,9999,9999,9999,9999,9999,9999
9999,4,4,3,1,4,69,0,1,0,0,0,1,1
9999,2,5,3,5,4,79,0,1,1,0,0,1,1
9999,2,6,5,6,6,100,1,1,1,1,1,1,1
9999,2,6,4,4,5,75,1,1,1,1,1,1,1
9999,1,6,4,4,5,80,1,1,1,1,1,1,1
9999,1,6,4,4,6,81,1,1,1,1,1,1,1
9999,2,5,4,5,5,74,1,1,0,1,1,1,1
9999,1,5,4,5,6,80,0,1,1,1,1,1,1
9999,1,4,2,3,4,75,0,1,1,1,1,1,1
9999,1,6,6,6,6,99,1,1,1,1,1,1,1
9999,2,6,4,5,4,78,0,1,1,1,1,1,1
9999,4,3,2,3,3,65,1,1,1,1,1,1,1
9999,1,4,3,3,4,52,0,1,1,1,1,1,1
9999,2,5,6,2,3,84,1,0,1,0,1,1,0
9999,1,4,3,3,3,85,1,1,0,1,1,1,1
9999,1,6,6,6,5,93,1,1,1,1,1,1,1
9999,1,6,6,6,6,95,1,1,1,1,1,1,1
9999,1,5,5,5,5,87,1,1,0,1,1,1,1
9999,1,4,3,3,4,75,0,1,1,1,1,1,1
9999,1,5,2,5,3,40,0,1,0,1,1,1,1
9999,1,5,2,4,5,85,0,1,1,1,1,1,1
9999,1,6,5,5,6,97,1,1,1,1,1,1,1
9999,1,6,4,6,5,90,1,1,1,1,1,1,1
9999,1,5,5,4,5,90,1,1,1,1,1,1,1
9999,2,6,4,4,5,68,1,1,1,1,1,1,1
9999,1,6,2,2,4,75,0,1,1,1,1,1,1
9999,1,5,2,4,5,80,1,1,1,1,1,1,1
9999,1,6,5,6,6,92,1,1,1,1,1,1,1
9999,1,6,5,4,4,85,1,1,1,1,1,1,1
9999,1,5,5,5,5,75,1,1,1,1,1,1,1
9999,1,5,5,5,5,82,1,1,1,1,1,1,1
9999,1,4,2,2,4,84,1,1,1,1,1,1,1
9999,1,5,3,5,5,80,0,0,1,1,1,1,1
9999,1,6,5,4,6,92,1,1,1,1,1,1,1
9999,1,6,5,6,6,89,1,1,1,1,1,1,1
9999,1,4,3,1,3,50,0,1,0,1,0,1,0
9999,2,6,5,5,6,93,1,1,1,1,0,1,1
9999,2,5,4,5,5,85,1,1,1,1,1,1,1
9999,1,5,4,3,4,85,1,1,1,1,1,1,1
9999,1,6,4,5,6,88,0,1,1,0,1,1,1
9999,1,6,6,5,5,91,1,1,1,1,1,1,1
9999,2,5,2,6,1,30,1,1,1,1,1,1,1
9999,1,6,4,6,5,93,0,1,1,1,1,1,1
9999,1,6,6,6,6,95,1,1,1,1,1,1,1
9999,2,5,4,4,4,83,0,0,0,1,0,1,1
9999,1,6,5,5,6,87,1,1,1,1,1,1,1
9999,1,5,4,3,4,70,0,1,1,1,1,1,1
9999,1,6,5,4,5,85,1,1,1,1,1,1,1
9999,2,5,4,5,5,75,0,1,1,1,1,1,1
9999,1,6,5,5,5,79,0,1,1,1,1,1,1
9999,1,5,5,5,5,86,1,1,1,1,1,1,1
9999,1,5,4,3,4,85,0,1,0,0,1,1,0
9999,2,2,1,1,2,30,0,1,1,1,1,1,1
9999,1,6,6,6,6,94,0,1,1,1,1,1,1
9999,1,5,4,5,5,85,1,1,0,1,1,1,1
9999,1,5,4,4,5,85,1,1,1,1,1,1,1
9999,1,6,6,6,1,100,1,1,0,1,1,1,1
9999,2,3,2,2,3,71,0,1,1,1,1,1,1
9999,1,4,2,3,4,45,0,1,1,1,1,1,1
9999,1,5,5,5,5,85,1,1,1,1,1,1,1
9999,1,5,2,4,5,85,1,1,1,1,1,1,1
9999,1,5,5,4,5,88,1,1,1,1,1,1,1
9999,1,4,4,4,4,70,1,1,0,1,1,1,1
9999,1,5,3,5,5,73,0,1,0,0,0,1,1
9999,1,4,1,3,4,70,0,1,0,1,0,1,1
9999,1,4,4,4,4,83,0,1,1,1,1,1,1
9999,1,6,4,5,6,93,0,1,0,1,1,1,1
9999,1,2,4,2,2,31,1,0,1,0,1,1,1
9999,1,3,3,2,3,65,1,1,1,1,1,1,1
9999,2,5,5,5,5,76,0,1,1,1,0,1,1
9999,2,5,4,4,5,85,0,1,1,1,1,1,1
9999,1,6,5,5,6,92,0,1,1,1,1,1,1
9999,1,6,4,5,6,99,1,1,1,1,1,1,1
9999,2,4,4,4,4,80,0,1,1,1,1,1,1
9999,1,5,1,3,2,47,0,1,1,1,1,1,1
9999,2,4,4,4,4,71,1,1,1,1,1,1,1
9999,1,4,4,4,3,9,1,1,1,1,1,1,1
9999,2,5,5,4,5,65,1,1,1,1,1,1,1
9999,1,5,4,4,5,80,1,1,1,1,0,1,1
9999,1,5,5,5,5,86,0,1,1,1,0,1,1
9999,1,5,3,5,5,71,0,1,0,1,1,1,1
9999,1,5,4,5,5,75,1,1,1,1,1,1,1
9999,1,5,5,5,5,53,0,0,1,1,0,1,1
9999,1,5,2,3,3,30,0,1,1,1,1,1,1
9999,2,3,1,1,1,35,0,1,1,1,0,1,1
9999,1,5,5,5,6,90,1,1,1,1,1,1,1
9999,1,5,4,4,4,80,0,1,1,1,1,1,1
9999,1,6,4,5,4,72,0,1,1,1,1,1,1
9999,1,5,5,4,5,81,1,1,1,1,1,1,1
9999,1,6,4,6,5,90,1,1,1,1,1,1,1
9999,1,5,3,4,5,75,1,1,1,1,1,1,1
9999,2,5,3,4,2,80,0,1,0,1,1,1,1
9999,1,4,3,4,3,75,0,1,0,1,1,1,0
9999,2,6,6,6,6,93,1,1,0,1,1,1,1
9999,1,6,4,5,5,92,1,1,1,1,1,1,1
9999,1,5,4,5,5,90,1,1,1,1,1,1,1
9999,1,5,3,4,4,74,1,1,1,1,1,1,1
9999,1,6,4,6,6,100,1,1,1,1,1,1,1
9999,1,5,4,4,5,80,1,1,1,1,1,1,1
9999,1,6,5,2,5,85,1,1,1,1,1,1,1
9999,1,5,4,4,5,90,1,1,1,1,1,1,1
9999,1,4,6,4,6,90,1,1,1,1,1,1,1
9999,1,5,5,4,4,88,0,1,0,1,1,1,1
9999,1,5,4,5,5,81,0,1,1,1,0,1,1
9999,1,5,6,5,3,82,1,1,1,1,1,1,1
9999,1,4,4,4,4,69,0,1,1,1,1,1,1
9999,2,6,4,5,6,88,0,1,1,1,1,1,1
9999,1,6,6,4,5,98,1,1,1,1,1,1,1
9999,1,6,4,4,5,81,0,1,0,1,1,1,1
9999,1,6,5,5,4,84,0,1,1,1,1,1,1
9999,1,6,4,4,5,87,1,1,1,1,1,1,1
9999,2,4,2,4,2,65,1,1,1,1,1,1,1
9999,2,5,5,4,4,55,1,1,1,1,1,1,1
9999,1,6,6,5,6,88,1,1,1,1,1,1,1
9999,1,5,3,5,3,66,0,1,1,1,0,1,0
9999,1,6,5,6,6,90,1,1,1,1,1,1,1
9999,1,6,4,4,5,88,1,1,1,1,1,1,1
9999,1,3,1,1,1,25,0,1,1,1,1,1,1
9999,2,6,5,4,3,43,0,0,0,0,0,0,1
9999,1,6,3,4,6,75,1,1,1,1,1,1,1
9999,1,6,5,5,5,89,1,1,1,1,1,1,1
9999,1,6,4,5,5,85,0,1,1,1,1,1,1
9999,1,6,6,5,6,90,1,1,1,1,1,1,1
9999,2,6,4,5,5,90,1,1,1,1,1,0,1
9999,2,5,3,3,3,50,1,1,0,1,1,1,1
9999,1,4,3,4,3,60,0,1,0,1,1,1,1
9999,1,5,4,4,5,82,1,1,1,1,1,1,1
9999,1,6,4,5,5,90,0,1,1,1,0,1,1
9999,2,5,3,5,5,74,0,0,0,1,1,0,1
9999,1,4,2,3,3,65,1,1,1,1,1,1,1
9999,1,4,3,4,4,50,0,1,0,1,1,1,1
9999,1,5,4,4,5,72,1,1,1,1,1,1,1
9999,1,1,2,1,1,10,0,1,1,1,1,1,1
9999,1,4,3,3,4,79,1,1,1,1,1,1,1
9999,1,6,4,6,5,91,1,1,1,1,1,1,1
9999,1,4,4,4,5,75,0,1,0,0,1,1,1
9999,1,6,6,6,6,98,1,1,1,1,1,1,1
9999,1,6,6,6,6,96,1,1,1,1,1,1,1
9999,2,5,2,2,4,85,1,1,1,1,1,1,1
9999,1,6,5,5,6,95,1,1,1,1,1,1,1
9999,1,4,3,4,3,70,1,1,1,1,1,1,1
9999,1,6,5,6,6,96,1,1,1,1,1,1,1
9999,1,4,1,4,4,60,0,1,0,1,0,0,0
9999,1,5,1,1,3,75,1,1,1,1,1,1,1
9999,2,6,5,5,5,81,0,1,1,1,1,1,1
9999,1,5,3,5,5,75,0,1,1,1,1,1,1
9999,2,5,2,4,4,50,0,1,1,1,1,1,1
9999,1,5,4,4,4,70,0,1,1,1,1,1,1
9999,1,5,4,4,3,61,1,1,1,1,1,1,1
9999,1,6,4,6,5,70,1,1,1,1,1,1,1
9999,1,5,4,4,4,85,1,1,0,1,1,0,0
9999,1,6,5,6,5,84,0,1,0,1,0,1,0
9999,1,6,6,6,6,20,1,1,1,1,1,1,1
9999,2,5,4,4,5,78,0,0,1,1,0,0,0
9999,1,5,2,3,4,70,0,1,1,1,1,1,1
9999,2,2,1,1,1,30,0,1,1,1,1,1,1
9999,1,4,3,4,3,70,1,1,1,1,1,1,1
9999,1,6,5,5,5,90,1,1,1,1,1,1,1
9999,1,5,3,2,3,65,1,1,1,1,1,1,1
9999,1,5,4,5,4,70,0,1,1,1,1,1,1
9999,1,5,4,5,5,89,1,1,1,1,1,1,1
9999,1,6,5,4,6,88,1,1,1,1,1,1,1
9999,1,6,4,5,4,75,0,1,1,1,1,1,1
9999,1,6,6,6,6,95,1,1,1,1,1,1,1
9999,1,4,3,4,4,71,1,1,1,1,1,1,1
9999,2,4,3,3,4,50,0,1,1,1,1,1,1
9999,1,5,4,4,5,80,1,1,1,1,1,1,1
9999,1,5,5,5,5,80,1,1,1,1,1,1,1
9999,2,5,4,4,5,82,1,1,0,1,1,1,1
9999,2,6,4,4,6,87,0,0,0,1,1,1,1
9999,1,5,2,3,4,50,0,1,1,1,1,1,1
9999,1,5,3,4,3,60,1,1,1,1,1,1,1
9999,1,5,5,4,4,73,1,1,1,1,1,1,1
9999,1,5,5,2,5,89,0,1,0,1,1,1,1
9999,2,6,2,5,5,65,1,1,1,1,1,1,1
9999,2,4,2,2,4,63,1,1,1,1,1,1,1
9999,2,6,4,5,6,88,0,1,0,1,1,1,1
9999,2,6,5,6,5,85,1,1,1,1,1,1,1
9999,1,6,5,4,5,65,0,1,0,1,1,1,1
9999,1,3,2,2,3,60,0,0,1,1,0,1,0
9999,2,6,5,5,5,91,1,1,1,1,1,1,1
9999,2,4,5,4,4,70,0,1,1,1,1,1,0
9999,1,4,3,3,4,61,1,1,1,1,1,1,1
9999,1,4,2,4,4,75,1,1,1,1,1,1,1
9999,1,5,5,5,5,82,1,1,1,1,1,1,1
9999,2,6,4,5,5,81,1,1,1,1,1,1,1
9999,1,6,5,5,6,94,1,1,1,1,1,1,1
9999,1,5,5,2,5,70,1,1,0,1,1,1,0
9999,2,5,4,5,5,85,1,0,0,1,0,1,0
9999,1,4,2,3,3,43,0,1,1,1,1,1,1
9999,1,5,4,4,5,85,1,1,1,1,1,1,1
9999,2,6,5,5,5,75,1,1,1,1,1,1,1
9999,1,6,5,6,6,86,1,1,1,1,1,1,1
9999,2,5,4,5,4,81,1,1,1,1,1,1,1
